restaurant_id,yelp_id_0,yelp_id_1,yelp_id_2,yelp_id_3
KAoKyPEg,Urw6NASrebP6tyFdjwjkwQ,,,
1JEbl1oR,ktYpqtygWIJ2RjVPGTxNaA,,,
6VOpaBEL,k_NyuJ67p9_D_7iIzsbJUw,,,
we395l3k,O7Wgpxd8iGLKMmnhdbtJuw,,,
KAoK96Eg,nUbPzfRH5-d01dSWRv4UZQ,,,
we39WAOk,ygGpFgRHwotrS6urVMbGUQ,,,
8x3zq2Ek,1Fmk8ORLVp0lWXndcjcKWA,,,
we39PREk,edbAEdBrOMTSXsutqzCWTg,,,
ZBEnQaOY,oIa4_X3nV50wwNtSXE93_Q,,,
we39nrok,H5IIFzGlOuf50sPrDXMtpQ,,,
6K3lg6Ez,3NnLhbpDThsqnGivlCC1ig,,,
B1oXymOV,lJr7n1vZ_NPPZv-cCzHmuA,,,
NbE1AyEJ,1c4rQB7HtPwoiZcK3sEg-A,,,
8xExYe30,HHuaSxExxef3BknhNytPng,,,
rNo6xdE6,SWh2iQPYsxDQZYDhaGVw0Q,,,
p038gXEm,mK9yllwCMcZ0PG8d48QvEw,,,
N6OkGVOx,RB9i28_OHxH_9njgIgN5ZQ,,,
7RO55dOq,WkfRFMB2tZbFxf1nsn1Tuw,,,
KAoKlKOg,ZN4C-1mpFn-dIsh3VaJzfw,,,
8x3zZz3k,Kw3GA_gz5cPRUwA-oGirGQ,,,
N6OkGOxz,IkEtseYqecfJzF-CYwRIww,,,
N6OkBmox,1z7q3pYA5RADkJY2JXQ9Lw,,,
0j3L0L3r,FNSeHhZUjxvq66Ad0U7X2Q,,,
8KoAB4O6,huz6Vzr43jyceUMqFJqBjg,,,
njoZZ1or,LdzAlJnB4fslwVQ3F40Z1w,,,
njoZaA3r,UmgcEKYWgSN0R8BdvLOcDQ,,,
eVOBKkEj,WcCeU3jeHsmeCVmnhtOa7A,,,
B1oX16OV,HhCe6sCH4aM2Ms3v-rCedg,,,
6Wo2GbO9,eUW_2YVPzZh51d5L1z99Qg,,,
9JoPAZO8,tKtVx2iUR_YyJwUzODNNzA,,,
6Wo2Zyo9,5uXoDqGdwMtdgGnDG2fVnw,,,
0j3LgvEr,CivIfhVTX4hOpM_PvitK1g,,,
ekE4PNE2,MN4JY0S23kL92yq3Icbc7w,,,
lnORPD3N,Oky7Ont6K2fLWQqdZJTv2A,,,
1m3ML6EB,4szp0oAXNzQcUSzoUYPbag,,,
dj3d8r39,N1I62n251RGzw1yGO_AKuQ,,,
6K3lvqOz,9d5DyAi5-gzNzIp4WBlAfw,,,
V430J2OB,IjkVs_wjdwdq2tUFcmwylw,,,
N6Ok8QEx,-g-DBG41EKzmmWL4zYYLCg,,,
7RO5A6Oq,YQfdsj7qVJj3U_5OjEfohg,,,
6Wo2Rbo9,_6Mix2KjHZ6F0umoQ6vm6g,,,
njoZbvor,3FFTfeU_W7NrqEd168XZTw,,,
xWoYdG3K,8g_wzgZwZcQs7TOXTFp2yg,,,
JGoNZYoL,ei9SSSKqwsktRAVe02N7XQ,,,
Pk3wPxod,M4qCjI8_jAUI2wQ2Jx05lQ,,,
9JoP7j38,vp_aMkBmYbkA--cQ4vlMGg,,,
1m3MP6EB,UMAoibULP4HxAlUObUJgVA,,,
8x3zx2Ok,zfYV3bUhrmVX9U0R4HPa2g,,,
0j3L8Z3r,9W9_KgjsJlnf8yzi6zpHUw,,,
V430BAOB,KibO1gddNpKzPduJKPGQXA,,,
1m3MQn3B,H3C_4i7bexx5im2EirxuLg,,,
V430yAoB,MTeEKypVtlnr0ERJbc0EGA,,,
Y1Em9REw,ZrDuca0zT1bVscI7nIXwkA,,,
eVOBl63j,vKAveftHblmq9klNmn8GNQ,,,
0ZEDXGED,mqBvrapNt29hPJUMYEwHYw,,,
rNo64LE6,icwb6x2qYwvCThJiQgp6pw,,,
Pk3wrqEd,HHjqMNunMg6uhtQXSL17XQ,,,
8x3znL3k,QZnHVr3UuTX61u_tyG2dMQ,,,
6K3lJKOz,MfZk4_t5693Xm7YRBfS8wQ,,,
8gOqg532,6hntGQO59c9HX4a32EI_zw,,,
Y1EmbA3w,3hNSvu0csMgXs9dBBm9xsg,,,
8KoAk4E6,Hd1GP1cI0gnYQhQf9qqUUQ,6WhPvxz7DjHCx3A_cfsJFw,,
8KoAaqo6,J4J7LOfq0AwXqrO7PgSFHQ,,,
v5oJR8oB,tjCAWt04oRZwHM65qaYEIg,,,
N6OkRvox,Duqh33zcv278odJ9vmNiQg,,,
we39LrEk,3K7N4BcJj8b1eEwjGCfPQA,mjogGxVeZmemp3YxdKJQpg,,
ydEjV9EW,YBVe2vHywkgYntQ_7vdjgA,,,
eVOBpp3j,uIoZ_eRGJO0XPX_FL8lQBA,,,
geEVbBEz,w-KtBbHlP8d03PKp35UtKw,,,
xWoYjgOK,qyghd_63sjylMQ3uix4FcA,,,
7RO5gn3q,pfmASZdZ1MjAypOD7ilzZw,,,
m0oW23Gj,ePczGFS4KNkS5p9J2GIngg,,,
Pk3wQqOd,c3nWvPQ7H0wVKh3tPgQlAQ,,,
KAoKGRog,Z_-op3XMvKGR_LNyBtlqrA,,,
we39w9Ok,R3xeoi1FOkN9Z3FVRISjSw,86P32yiy7TAeigbfPMinXw,,
lnORzeON,XJ2mW5phqfSCcO4Hbask_Q,,,
lnORw6EN,eNRRkvBr1tz36WjdTPJdBA,,,
B1oXAQOV,Vf84yIraHKh8mJV-MPqJVw,,,
Y1EmaVEw,105iw1_aGTuy8QcIc6pxeA,,,
lnORjnON,X078xxpXgonlfzlA6nUPlA,,,
6K3lQqoz,omL5cADOoJHhd1rVb8_Udw,,,
ydEjeOW0,5AMUcD75ZdfY6DdWJf-h2g,,,
8x3zWbok,v9Gfl7u0c1lWrvkA0GOOMQ,,,
dj3dzXO9,jy2_asMhGYOM5K-cGNwsIA,,,
1m3MVYoB,UQlLYQAzRX6HSAZzzhwbgw,,,
we39YZ3k,O9EmJNtsgDK-nQG578KRZA,,,
VpoGM7Er,fLdxAYEyuZrcwi1EZ5TAuA,,,
1m3MpyEB,XLUTeNqi6vNH4MBLXyN4RA,,,
1m3MNpoB,YxYQ1-pj8p8RtBbHQpxxdw,,,
nkOvpx3B,NNQbGp4nmIg3YHXiIPtyqw,,,
V430x43B,mZ1ApfDu5iVP5vJ1ag5Sqg,,,
V43016oB,JnfExs0gFLbDItchWYVkVA,,,
V430e1oB,6DzCeWt38GjAVQfo34hR0g,,,
p0381vom,opJW_I8qNfMxucN4GpK-ag,TYMOn5xVwPkmD7YTXSrOjQ,,
1m3M2koB,rmB1dIKBIvBWUbQNy3IwrA,,,
B1oXBmEV,2mSu8PN-B2tsoPHIgY11CQ,,,
0ZEDKkOD,u0V_D_MgceNU4y9IBsmYQA,,,
xWoYMGoK,PAFyEgevPbw3IFE4iKfk6w,,,
7RO5edOq,g781o20MSPpfPDjMXCXs6Q,,,
1JEbd4oR,Fo9qG59lVtxu-Axg8l5bkQ,,,
m0oW2d3G,5Kdf1DGbRScRk6Cx3jaX8w,,,
xWoYKEKn,4dzJvVWr-lvXPbtG_9Eqmw,,,
1JEbR4ER,MWlRlCPndST7OWoCqgEX6Q,,,
6Wo27GO9,Hyhr1qQM5yniS9aD6JuLyg,,,
NbE1mzEJ,WKsW73Pi062gvoA1IMGUyQ,,,
7RO5njEq,kdocld9Zlw0qMmTOwSyvbQ,,,
eVOBX13j,jFJ0vA7ByjLQnVgCyn9P9w,,,
JBEyV38X,IJ9TEttX6nfXfvNNtA4mSQ,,,
VpoGpvOr,R2QSzXwfzx0iXxfTE8iB8g,,,
6K3lYqoz,1GRVMGGlYA-VX4w21KKPPg,,,
6VOpXqOL,NlJyx3x87DbmVhZkNPOVjg,,,
0j3LJqOr,wpEeCOhMZpHORZ-eYJHUCg,,,
rJoQdL3V,w7dfCFHoXYWL3Yk84FjCFw,,,
JGoN7bOL,D59vpVdtUL9jhKh3QTA78g,,,
Pk3wdDod,2D9qp6OYQAaf6Rp_p2ov7A,,,
V430Q5oB,qSfNjwd5rso4qkSolQOSCg,,,
v5oJ6doB,w-yYqPiYFrlhFaBO1U8NYA,,,
8x3zGZok,ucN_CwWTHadQiTpfBnKECA,,,
0ZEDbxoD,6oeZCBAOH90TKQLVJGBmYw,,,
v5oJLjEB,7OKkwjJQBdlQEIaf21DaIA,,,
B1oXrqEV,vlvkX0bT-X1wjrtJJHlGlw,,,
ZBEnW23Y,J2yE_lfZXuBDtNGdehdbTw,,,
eVOB61Oj,b-htT9ypXurD1HzbqGyXRA,,,
WeEedMOa,LaQ3lSH_cUBjvnsQ4CUNrQ,,,
1JEbk73R,OBHoH-f11CHnLihTpUTdQA,,,
NbE11REJ,GG8A2uzDj9at9oMhyjkXEQ,,,
XJ3rDpOR,rD6xRivAZE93OJxGVo6pBA,,,
we397lOk,7rTg84IxM4KiIPHL3xocVg,,,
we39193k,E4Yh8OoGFrZ6c3Y-vsbdmw,,,
NbE1bk3J,axRSrrR-WMjdE8YEmjdCcg,,,
nkOvblOB,peAzRMNYdZW8cL2cDYs2sw,,,
dj3dyNo9,NLwZc0Z23AzP160Qa8u-Iw,,,
xWoYJvOK,7mWNzsSPA-psBTgBEuZFZw,,,
8xExn7o0,sJYRNp8vmFBcN3caUSyyWA,,,
ekE4w0O2,G_JE7fb_BecauMPGGSInmA,,,
p038De3m,x_-bO0sT279kT2CpZSHbGw,,,
NbE1GYoJ,zWbP-rq624zQQUteIOg_bQ,,,
nkOvVMOB,WcIO7koj92DTW33igxcUcQ,,,
JBEy91E8,sP8-yb22hNDTynlzQEUl1w,,,
v5oJP1EB,aEdVmw2aeIcAcHXDqQROsg,,,
JGoNjgoL,CBrKftwXexstg_gBbTO-iQ,,,
WwOamJOB,GCqQkck9QDLw9m-ONmHq9Q,,,
we39mA3k,n5Maq3tAmeZJ4M2xzHq2tA,,,
N6OklmEx,xyiXMx7J5V1crabqI7pcfQ,,,
rJoQZWOV,sg0S4bk2gybvkW_MECU2LA,,,
NbE1lzOJ,-H8_P6JiRTyEnCga6omUzQ,,,
8KoAZaO6,22ulc1gf6RFEGEeB9eINBQ,,,
Y1EmPJOw,x7MTfj5M_zIp688iBQgqGA,,,
eVOBykoj,qdQqU__Z74iYs3woM6BXmw,,,
qN3gMnOA,E5cwMKhluClrVQqWkssQlQ,,,
wmo75jEq,alfHV-81Vo7Ira6Wecm-cQ,,,
wmo70jOq,6lIoSxvZAwFMN2wTT9W4aA,,,
v5oJN8oB,J1pVV9_NtY1IPPxlnzf2Wg,,,
6VOpYlEL,s9wQWoJb2bYhZADfNm1v9w,,,
6VOpgQoL,TexhsPcx6ft_uT8h8V2SQw,,,
9JoPQZO8,LUOLEOAQ_euDAw6NTgDBig,,,
NbE1dNOJ,5d7ksFT01jhqalR-lzkqQg,,,
nkOv0X3B,OrctWQwGzm4Cn1MpfTzF-w,,,
ydEj27EW,OQkpfDdg58_s3nXFNNm4oA,,,
xWoYvKOK,PMd_4_T570ztJPSGq9JOGg,,,
7RO5vjEq,5Hl3fTGg3BwXB98VQZ3WQQ,,,
9JoP8jo8,J03ls-cy7MZ0geYxenoYUg,,,
WeEewoab,aSPKU3XHmtCZaYvdeE2CLA,,,
8KoAMQo6,ipW1WASsGwiJqzdBRhwAhQ,,,
rNo6Yg36,4JkEPSmUD_UAFLMAmUZM0A,,,
ekE4xKE2,bIaWuaI_XLZEDw0T5grbQQ,,,
NbE1aNEJ,f8oeQONzvmdEsBsWZo8BwA,,,
Pk3w4xod,DLXcdY5dBSXrBWGAZrQ_Tg,,,
qN3gR1EA,1qghM8aHkiYRbgxgb8JyaA,,,
8KoAeYo6,ht3yoxLzyB5VlaT_9Wbnlw,,,
njoZPyEr,QoKVaavHqzEDCvuLEzDRGw,,,
8KoAjKO6,pT6nwVX9caHL92n9FmJ-Rg,,,
N6OkzKox,SAyuXU4hbh5iLKHn824YZg,,,
6K3lnvOz,IyWRg_pW-DRS82cjh2EZkA,,,
0ZEDD8ED,zBAQlVLaEq4nzOJanKSHQA,,,
8gOqleo2,PMbMIX5gsVsdlDbn3afOyA,,,
XJ3rKZoR,veY6kviOTHU-AaTcgl4ISw,,,
dj3dlN39,1L39HOtAA-0SwRHgrcaCLg,,,
V430423B,ibd9ULCc-G77r2iDcsYd-g,,,
dj3dao9v,hRnWrudNcUOcKsu67U4qyA,,,
6K3l8q3z,UdM9hlr9sajVqZkmksU5nQ,,,
wmo7Gdoq,CStOHsVt6vJAarx88fsmKA,,,
wmo7Z73q,mcoyNlz98cnez1YUeuZFhw,,,
8xExy630,QlTMuiElFxrUmbLuRIZNrg,,,
NbE1p8OJ,ltf7ja5q_5uBIsMM25cK6w,,,
6Wo2pGE9,nO9fBsQM06nFUFtvyhofKA,,,
8x3zA9Ek,xOF_vlGsB5LpbBZvZ0e0fg,,,
qN3g2EAv,HRN1A1-toEGHTisV8UpTuA,,,
Pk3wBaEd,jxCesQlYRI2njUNm08_M4w,,,
WeEey6Ea,k4CoRvzyl7o1K0EXPkBmcA,,,
6K3lZqOz,peEuOusmpUuVdUSJGUEmNw,,,
Y1EmWmow,-avAdTfwZSbXWNKqQ3WBgA,,,
rJoQ0a3V,erebWqQMcrr1FCzmyhZkMg,,,
wmo7XGOq,DunFCDanv59XseBXPWKnsw,,,
ZBEnyGOY,eKdWZKCO3WiasqVtjhK9eA,,,
JGoNLyEL,tBF6lwNEOlN589H5U5kpkg,,,
8xExeV30,6qVExRnMHfO-rA7SspeHRQ,,,
rNo6XJE6,jB4CVU599C_nhr9L1tiyIw,,,
WeEeYwEa,clHIk5EwbmZSnjPh3OdoQA,,,
V430a7oB,vRL5otRHH2J4vRrov4X5kA,,,
V430N1OB,0It1GyVRNzh3VcYuC38HdA,,,
1JEbAeOR,gC4cp8R9C5pjfmSZGTEPMg,,,
geEVJzEz,VwHU6L2otaZTWG--hwYrmA,,,
geEVBJEz,Z28LvtwAzWnFVn7e3juCTA,,,
JBEy4WO8,47mBGtdAS8y9msy2BzUEjw,,,
xWoYWMEK,LYN8v6MeBhxir_z4QMx5eA,,,
8x3zPZOk,3XQyTMw_0SoPe7w94WNDXg,,,
6VOpnd3L,_uUpTTNFGyoh0fKIZWYPfQ,,,
0ZEDPkED,_4mzOntWPrRSBbas0JL6Xw,,,
geEV5BOz,e2j0dBPvoJPATLgMFLHU7w,,,
8xExpWE0,WyWSX9enuBrzKLsbfKCVlQ,,,
v5oJ4AEB,cYxzlsSxbH3sxvmUb3-CUg,,,
xWoYy9oK,yUQNi1kB_X2OEEXM-UjrDg,,,
9JoP50O8,m6hq98IUoeubBgPIpIVCmQ,,,
p038la3m,e-0Oy9r_uEq_qbYS_6AxAw,,,
lnORbLON,jWIeasGRDdjTuM8DVxvSKw,,,
7RO5mnOq,skLvO6e-RRfeeTPbRRGFkA,,,
0ZEDdkED,tbQ5CJvwVjT_u3DUUbZYzQ,,,
6K3lb9Oz,H77mWNpIoM3L6RdgAcuJnA,,,
8x3zYEkP,yJ5wUIAzZ8y7sSUWIuocXg,,,
8KoAeo6Z,d0C21gwC41R2mJxv3I4g-A,,,
Pk3wDqod,dn5SXw1DJ-kKHgTfbyrglQ,,,
6K3l2KOz,JqzBvkQsjPrPi9xU_3pIKw,,,
NbE1kmoJ,ZcClbxJzDgLj--8Qgw0_aA,,,
7RO5WN3q,BhE50ZnOOJBHTIz5ddyhNw,,,
8xEx7eO0,bCxE6OfjDSf3CLXH3ANAOQ,,,
nkOv9woB,EU_ndzIWNn8nkKBpV16x-g,,,
XJ3rlmOR,deTndIOCWtAXxOlbM19rsw,,,
eVOB1Loj,zWK6gvLe-h3liKIebTWbXA,,,
KAoKgBog,lK3s4vI5fxuNBDwFP6MUpw,,,
xWoYwKEK,ZJ4f7SmIuy0B5yF0btw89g,,,
m0oWxROG,DldVQt9XDsTroBac0W0FDw,,,
nkOvZOBW,m49ryhNYwKL1GboBBeH4YA,,,
8gOqxro2,8YEeN197nWBKdZNdI2BoOQ,,,
8x3z47Ok,WNV1Ii8Xbyo4ahoqwINWaw,,,
wmo7R3qn,b0RwYFwYZDiWwo6VHdoVTA,,,
6Wo29y39,r1I7jcL2lqqVFV-Y33uyJQ,,,
7RO54Woq,DsffII_rSzhPxcGxq8OfdA,,,
Y1EmVJ3w,-2jQG9-gNH3TshkF-hhR0Q,,,
6K3ln9Oz,MSPiKApkBzxKsAYHHRRNsw,,,
8gOqm5O2,gvIuc0YzpgzX6fv5R6bugA,,,
njoZ1Q3r,hiyt-ujIMJcmZfdHcOPIug,,,
ZBEndKoY,O6Pgq7q6F0T1evCh9cBK_A,,,
B1oX4moV,ysurgvoPZjaYVP2Hb1QbAQ,ej271ZHAFgxiC7VfuK4FWw,,
1m3Mw6OB,gSRyYHmalCinlT5NTGxQmQ,,,
0j3L5aor,IIvEvcZnDQmuQxIM-IgJmQ,,,
nkOvmLoB,qFTdQEMaHSu275oZ4jaMaw,,,
ekE4y632,UsVaIBjd9U_vkXpRpkGzIQ,,,
8KoA65O6,r9dG-D4FjjenPtVHiMcWFQ,,,
Pk3wVEd9,zQBrXA_wxIruqcz_yVm34g,,,
rJoQ9oVj,JjJ7OGM7dZFIJfOMj_4PYw,,,
V430g1EB,Nr-Ays4S7GIh4SYAkVODuQ,,,
0j3L6NOr,Pt-mOziZcy6aZGct9NaqrQ,58UludhynVY4pfXO59KohA,,
JBEyYNE8,SBPGbdqFVagr5oaHthzltg,,,
8gOqKD32,1NbIAgBrp7iW5YpDjdy1BA,,,
VpoGgdor,QVQ1TbwqCT4EyOpWfSItKg,,,
Y1Em7Aow,Jj2WP9R_1Jy97A_wcmsqjA,,,
6VOpkmoL,PsbWEJrxMC9X_YFIG5r7bg,,,
8gOq01o2,KAb0zhEL3MEhIJ8pLd1OpA,,,
ZBEnProY,Zphu88tGa_2N_MOh-nI4qw,,,
geEVZvEz,qNSqiQAj0TFQE30QuqvV9w,,,
ekE4d6E2,fsNfsKUDDRMyxPJt2nBKAQ,,,
m0oW02OG,HdisqGawf_7b9jBVbwz95g,bSySR-I747E2Qtw6jRMj3w,,
6K3l5voz,mKUfobD9rNpr16TM0mYFtw,,,
VpoGmwEr,0UUJCWdIpm5IY5vwS1Ue9w,,,
qN3gdzoA,2GHBM9BWLEHvVHWz1ArCdQ,,,
dj3d6LO9,mUO42F4oCax_jkHAAarnEg,,,
JGoN8dEL,qaerBLBay5yKB2xp0a7Q8w,,,
6Wo2YN39,Oim_dIgcnNqPP6809R4FTA,wcbAIrOTmG9yMM8T5Da1Iw,,
N6Ok7qOx,gV4LtUfvxYGUujICQBUtWQ,,,
eVOBwLEj,OVpw_wcB8D-QrWuY2-yOyg,,,
rJoQNaOV,jhnj7nx4heK6g336NeNKmg,,,
WwOarJEB,1g8uZF1k1w6gr6_LUObAIw,,,
JBEyeBE8,ufUc1rcUoKBlxDAymXkQpA,7dFYockYRHUOH-LYC5EdUA,,
ekE4Qz32,Q7HGBC6HUPugUjyv86-0zw,,,
Y1EmKRow,1Z3Lep1hQTSnrIWFWnxalQ,,,
JGoNea3L,YCGgZKEpbdtpC8jSPCuCRQ,,,
6VOpvj3L,hqy_UvkY4pxm9Vxnz5HmfQ,,,
B1oXabOV,JiDD7EcXyiIubWu3Y7kssg,,,
XJ3rj83R,S6Nv7EsQIswzlIWb1j7fSg,,,
qN3g2YEA,EfPxFd3dfHJfGgB74onBgA,,,
1JEbg73R,ETj24Pihs6k02yTVpivJ0w,,,
1m3Mq63B,JHQPp8V2cmsmw0SFrpsv8w,,,
Pk3wpwod,LtSZPfSXrRvCNbgInO7azQ,,,
rJoQqroV,i9tDWSb2NHfS-DMme21W3w,,,
WeEe9VEa,n3ujbQaO2hyuIBs4DO9AaQ,,,
Pk3wQ9Od,RTprwvR_xCeXyjPF5jKA4g,,,
B1oXeYOV,7-RaNQCvHMtILXZnh_IEhg,,,
6K3lV8Oz,3I5Ovhi_iImyLsxxlqn7pg,,,
geEVjvEz,E36-TPffr0PqtTsL8pnp_Q,,,
6VOp0NOL,bn8gAYDyuwcYiIXnH6cWFg,,,
xWoYzMOK,ajSplCo5qLQbIKcXnnF_uw,,,
ZBEnDYoY,jo0H97Q57t78hohGyqi8Zw,,,
rNo6v6o6,VFk4Y5CqvK1QP9mBDymMdg,,,
Pk3wvxEd,1aH4dPfJDlqbvCF0gQYScg,,,
dj3dPN39,Blg9vgR4jJXDHW5YXds28Q,,,
lnOR2aON,VrrZkqwELSV_FumLhj2G3Q,,,
KAoK7Bog,dDft_wuhkjcEy_ZDiK5W4w,,,
1JEbpMoR,w830vx6tnKc7vqf6FYGtDw,,,
8gOqdMo2,je4Xe9ydNRRlDd-tFOVnVA,,,
Pk3w713d,MLGQ1CXTXp6D-DLmccc_Fg,,,
7RO5qjOq,o_8zfoC8HJzTR44Oza9Jsw,,,
8x3zNN3k,cCq_F5ZnEygOe8A2TTVRfQ,,,
V430Lq3B,loXGqn9-J83eZuH4_caAdA,,,
8gOqaeO2,eyJgqUA0S2aNPWO-TeElQA,,,
VpoG7orY,acXEANHhpDc3D6sg7mSgHA,,,
NbE1YaEJ,xANR_B2lgTHnHWXOLk53eg,,,
ZBEnlqoY,0jFQdK1tUUexYYkmIvwKQQ,,,
xWoYVGOK,B0j36Wz1zu5HshDUDwHBlg,,,
wmo7qbEq,QVuMS6CkePcRZdJ_Qz7sGw,,,
8KoAXp36,ZmJ7ZacL10e2sZK7yBc1fw,,,
JBEyAaE8,jGlvZqtNSfqKjjjU3aw_Jg,,,
6Wo2vGo9,JlhK_PGYiY7R9MrNTFcpvg,,,
6K3lKkEz,VoBDX6GUpXCZXAd5H8udeA,,,
njoZaY3r,AkPM5iO0Af82x0lpd6sZfg,,,
6K3lXq3z,nDS5SqxUjZHJkyZHA1W5Hg,,,
0ZED6loD,66x_oXqJ3NIaDu0VwsgWIQ,,,
ekE4JLo2,yfL9BurPIcsG8wIGtnQXsQ,,,
6VOpwdoL,bvfKfUQTpaTt_mKviNrlFw,,,
ZBEnxaoY,YPYccrp9dnwNvsHEN--WeQ,,,
V430mqoB,CDKd8RgqEHI1YO53kuoSgg,,,
geEVyeOz,6AAWuBi18a2oYF6jSBkFLg,,,
V430YloB,NG-1BX1BVApzuNAHgMSPew,,,
0j3LrDOr,S2CjF9sN5IFgORd0GOBGXg,,,
rJoQ59oV,p2YKGpdPeUYfM2iKb6fTow,,,
6VOpQNEL,jV-mRhMew8Kjc8SZ4UuIww,,,
8xEx44E0,Geropg5Fliv_nMGU0yr6jg,,,
we39D9Ek,jz9fcnYOC0HQwYO3DMd0HQ,,,
qN3gLMoA,utKIbMfKtwDBKZ22kDb7mw,,,
Y1EmeWEw,rLGucIdLEipootq4gVZrfA,2WPgRm4RjHhoLRbKqQeqjQ,,
Y1EmxWOw,ZkI8FRbUqRSP9RaRMsc-4A,,,
Pk3wqwOd,kEVGLbcuqTGLT0zLWjgzIg,,,
eVOB21Oj,fbL6iXJcT-vN0elT6N-ZPw,,,
Pk3ww93d,vjsMd2SauOmceETW9N7R0g,,,
qN3gZBEA,0pYpjSnzEYEoRI0RJKfZAg,,,
8xEx930k,Oh5xkt-2rmV_wF3dG9I53g,,,
0ZEDrGoD,T_bpOBikhU7kJhLvj2vVug,,,
9JoPz7E8,9IGazLlAPkeHN_VPj4xb_A,,,
N6OkVvox,omULDApTwM3x08Z3vx38xw,,,
1JEbJmER,lX7d8HPwpYZ4c9ZXAsetew,,,
lnOR0G3N,kPOoAXldBgqMdIdvCI5FOQ,,,
wmo749Oq,O82HrRCYcxhKXzJk89uOcg,,,
wmo7pGOq,fnBYBEbE6DzSWEj7EBv5kw,,,
rJoQrqOV,5gnmTucmD6g88NgqHbP_UA,,,
geEVVkEz,TQv35vY7DCNAkJxv5eX7Cw,,,
N6OkAG3x,0a9pgOiIpgcaO9mlCy0ZQA,,,
p038M4om,KHR8yztFem-3bLLzg3wd_A,,,
qN3glYoA,0gBOx2QOkzS0HXb40IJkLw,,,
WeEeqwEa,tDoJHFaND6VieFTTaXp0wA,,,
Y1EmymEw,W6uqEauUYoZ42F7dt08G3Q,,,
VpoGnr3r,dywGBX3O_mdTmc-SflDwiQ,,,
1m3M0bEB,nzFeNeqWgJMb5LSJ2yuMpw,,,
m0oWnR3G,bWZa0Thum0E5ibxwlfmx-g,,,
njoZyY3r,fG8x5egXT2V0AIR7DdE2Pg,,,
KAoKvP3g,lRrzsShZxapse71FCANJzg,,,
njoZlyEr,M9cF09YCto5OKxEykUekGQ,,,
8gOqQxO2,gLt6OChWAGpYAZM7tQyxfQ,,,
wmo77doq,U0Isbr3eUqPNRXjOpUpZcg,,,
9JoPaeO8,iWPb66RlMVTmrmdiiC2-2g,,,
we3900Ek,P1PQkunouCyj4FQK9ODOKQ,,,
KAoKw9og,pPqPAft4xmAr9YCdO58zig,,,
we3905Ek,WA7wqehrx_KP3RVNwUNKRQ,,,
1JEbLYoR,GYCRSBBNkanEAtUJlvO3qg,,,
0j3Lpj3r,283jjsb0TMPtkFB8AnUe_g,,,
8xExw6O0,bMDunoAUoN7-bIT2QPkYDQ,,,
8gOqPxo2,Mu1qBZfBI4v9yB1zOsMoRA,,,
1m3Mx9EB,Aa1fqNgdO4mwqSU13QR6CA,,,
rNo6ma36,R1X9MgGrrHVgZZ4BV92aiA,,,
6Wo2B6o9,3_MdxkQFCgHgLrsBTh6fCQ,,,
geEVPzoz,EvkMkZ00LixG7BsRZSN2Vw,,,
we39rokn,fOBp9DWgd_FGXh15TgO-6Q,,,
8gOqLAo2,Dvre3EMwO92HcsAOqUR41A,,,
N6OkQW3x,TlZn18M3jOcJgz01q2DRaA,,,
N6OkDvEx,VojhWfJ8fcVm-Acb_VFwnQ,,,
N6Okam3x,JW9vBBzCBzrzLFPCeLPGhw,,,
njoZjQor,9KC1_7Q7hrdAeFU8Ait5Ig,,,
p038843m,36w6nJPt4bMAOUtplrKWsg,,,
8gOqDo2L,_Ccmk51YHDoKyfgQp0bVjg,,,
p038qgom,-dqF6zhWF48ZzQuKcPia0g,,,
rJoQa0oV,U3zVbpeLLwpA6KQdq1p9eA,,,
B1oX7l3V,LS4LKpQ4ZqiBbIiT_QxJHw,,,
8xExqB30,6h9SOn770x7VUHe5n6pKXw,,,
m0oW1gEG,Dni_b2sRuGpDqWCBWPt6aQ,,,
p038WXEm,lg-9jI4mtIiJj5adoq0yVg,,,
v5oJB7oB,eS1fo66zlqQutUmV55hP5w,,,
qN3gpYoA,W2PBFrdK1vbcjqeZJUc5ww,,,
JGoNRBoL,8aVLh6rwt7YRV6JSkh49NA,,,
NbE1ZJ3J,huDmU7vaDHUkojjLNG3cgA,,,
1JEb4JoR,jwxwTSNS-NTmTMQRJ1E2LA,,,
8x3zyzEk,KEIThgmS1I4vPW5YKmeE7Q,,,
geEVavOz,fWiYrjq_lsUH3TUnK8ezqQ,,,
Y1EmBV3w,IZ5psLocdSyQS-2DXO2p4Q,,,
JGoNK8OL,ezxWSazcUeQOztbItc8avg,,,
ydEjbBEW,-bQE2PRiMYc5KO9XlmphGg,,,
v5oJQ13B,_qgJIAApnXRsrZsADvlJog,,,
6Wo2GO90,EeL5iZ9VeOjDZVr-Dse4nA,,,
ZBEnaqOY,RGEP3Ib2Mwg-6wDocXgYng,,,
ekE4Rjo2,UdcgXheLwaB3MTOXZ62Ylg,,,
we396vok,nlu8L0znOuVY9awTFYxNeA,,,
eVOBJkOj,3GR2ez8ltio5g5PIA6M7tg,,,
7RO5XVoq,mtwpPBzGaYLVkbvJCVfEAQ,,,
njoZ6Dor,F86KrruF6vkNcne33rj3JQ,,,
8KoAmQo6,493_BYr02YN2v97vX6As6A,,,
dj3djjO9,Y0AdfIIGmMB4QdzUqlWjWg,,,
6VOp7qoL,uFIykV7IhSk4wg6F8OXAew,,,
V430k6EB,jhA9FJgi-TE1LIb4fayQ7Q,,,
lnORGdEN,WRNZr5xsv6hboKGRAhbwEg,,,
ZBEnwG3Y,ccl4ndtIgtjU6yQXLG6sFA,,,
XJ3rwWoR,dn4KEDPsNwGK2GCy75qnKA,,,
8xExk4O0,q1ZUKQze-Ukzl8_Stsoc1Q,,,
1m3MnDoB,VxrNisc9JRw7NyHExOyMVg,,,
we39dvEk,bLl3tVizdbjGsZ4l6TsRZA,,,
rJoQxr3V,ulYNe4-ZZaOuRzQLuxBawQ,,,
nkOvMZoB,_twnm0nW5Qr3BHVTMjMsrg,,,
p038eGom,Bve2PGD_3-G6RFqv-X9aOA,,,
ydEjz7EW,6V83oTpxf6RRr9ANfjMplA,,,
8xExX9E0,twa0_C8X7xjN8y3rSDB46A,,,
8x3zb73k,1spQBnxuEPLXcq0bcRzxrA,,,
1m3MbpoB,E_zpIQgy_ptAGVQdsvKVyw,,,
8KoAzaO6,uy4W88iRBhtRKi_SkgEoOg,3s-kbeRQC4MS-tuR8m59Wg,,
wmo7rR3q,OOyEauiyObRBF0LPsfXHzA,,,
VpoGGAor,9BgGKXypW0GqNJgbeM5nJg,,,
ekE4GjO2,EkEwyFQdTKau1UBEUCxnsw,,,
N6Ok6Wox,OHM1IW-ZvgiOONZ71zXIxw,,,
8gOqX4o2,SgGSAl6eHukRiiFHbELUqw,,,
XJ3rx8OR,FCaUCzIv701wEJ6fdQFRgw,,,
WeEeRe3a,atafOjxJyt4ohXWJLt6UaQ,,,
Pk3wL9od,U-kgL4ol3TFb812OOI-Vpw,,,
Y1Em5WEw,Gr8YWpvUm2rN06qoufVqLA,,,
rJoQvaOV,HnLVANdjlnOlW720rFmODw,,,
B1oXYqOV,5YvoBcxKnXZ38MMEWTuF1g,,,
JGoNJBoL,diPl5l9EQ56rDUi9bSCIiQ,,,
XJ3rR3R5,UdwKfT7BapwfyxqNzfmyTw,,,
V430WbEB,vRd7a3UQbajWNC9pBEyKLg,,,
0j3L2NOr,K8pMeDmV0uEO9vxNnUUbvw,,,
ydEjgP3W,puhv42S66rkaVSVK1Rqtig,,,
XJ3r6m3R,IUlfRFye-W7qf9U_T_2kTw,,,
rJoQmroV,oJT-KMgl48mImcZaHoS_7A,,,
m0oWQPEG,oGMrbpUebqvoI9Xrjq0LgA,,,
0j3LBZOr,DdLWptwquP1jb-JEFIW79A,,,
njoZXBEr,hr_YW6ukuK_xt2ogDlQKhA,,,
8KoAGYE6,Aezb1dATXJgVFhO8VBRL5w,,,
lnORXK3N,7-X2CRyUGA9XxwACmaqV9g,,,
B1oXQmOV,PvuhIUdbironQ4zNbdU8gA,,,
JGoNm83L,k488-rzj5hAtoJ1biAM3vA,,,
8gOq6AE2,4XPc0gSukb12vxJTciEckg,,,
ekE4kYO2,deICUpjCzJh1MXazR93GlA,7izYBP86fDoIYr7Tnmk-mQ,,
ekE4Mr32,tKG5BTst6jUVdqREoQNCTA,,,
9JoPKv38,Uj-qZf2weBwg2KWLf93hIQ,,,
6K3llg3z,lvldeMP2VVxdApbBBtFS-A,,,
eVOBPw3j,a7_njZFIqR-B885IUm4_4A,,,
ydEjx9oW,UreC2NGXRUvtj47ocllcBA,,,
6VOpdlOL,8wv7c48nFMCcfpioe72iRQ,,,
8x3zwNok,kHRriet-nxcUnw2K8CeJnw,,,
B1oXjdEV,WoAsisODPdulkpEHYzKRew,,,
dj3dxN39,KnlLUZMSui_LjKODD2RnRA,,,
9JoPPpo8,2W8EjHNVqr4VHMNN6y9b0A,,,
6Wo228o9,pVeoPSVEx8BdPIoy_p2ifg,,,
p038ZeOm,MKHOFa61W_pHyedU_srHmg,,,
WwOa10OB,Z4vF99H1emOKvn_4M2enng,,,
ekE4eK32,iElabe_l81OLdqGVSTeMhg,,,
xWoY4d3K,uMabw4NcAFF_nXs50ZBpJw,,,
8x3z8ROk,u-ThHZSH39-f21xer9fSIw,,,
geEVmeOz,mkawuS3NpZYHToO5pqsw-g,,,
B1oX8moV,rhMXQCxYC6qM5anLZbfImg,,,
nkOvwXEB,KktmGOBowhaKauCA2vPGFg,,,
WeEegaoa,XQD_79BxpwBS4rkjBuOtfg,,,
nkOva8oB,7dr70et7FMUqx0mD6IBlTw,,,
1JEb1ORY,yyalQncvR5Lw-3ulXNpSYA,,,
B1oXdQoV,GfVh7wMrUs0fgGKEQMG-Rw,,,
1m3MKyOB,vR9MXATRhfGsoNNJiezTBQ,,,
xWoYraOK,pnShf7WBInpO0BcxdU_LHg,,,
6K3lNvOz,tdVJ8_dwi3xLusG8pODGVw,,,
Pk3wAqOd,ayjRP1hZA4AkpMhtTLSksw,,,
p038NGOm,2V4wFDGZCOL8LBWFM4idxA,,,
B1oX9NOV,HbJd_iQTfOKxXzQb7jwqag,,,
qN3gYnOA,wfYsibQbH62EQuyIOHMQvw,,,
6Wo2Vyo9,RbSbdbblkitdckOYK0_07Q,,,
WeEeXdOa,ahXh_ecDb1EcBGM6xpCIbg,,,
KAoKA9Eg,K_VxjURavhviNek112J38Q,,,
JBEyXBO8,pNg37kg_FJPA22kOCVP8Ag,,,
geEVYZOz,617MTIroYN69gNAO1D5drQ,,,
B1oXpYoV,2W_ncMJWYxNxcQpNGJkkPA,,,
ekE4DKE2,aC_LAt6Qypf06z5GkMa6Pw,,,
eVOBAJoj,Ac_VEkgQl--Xhnfvo4LdpQ,,,
NbE1Bk3J,E6kZousLZNxczNaPrbEbeQ,,,
Pk3wPaod,oA-3q8b1y8LTkIIieWEvHA,,,
B1oXqQOV,1Qt18-vQEVsBAMwLNl3ASQ,,,
XJ3r5ZER,MEZVtQqoY53e9b7fZuIa7Q,,,
p038w8Em,RJunWxEPRmKeGAlJsYhjSQ,,,
m0oWmREG,1KFT34vhDU0Ya0jCXtKf5A,,,
0ZEDMl3D,v5dexElyd6cXpG0XN5deAQ,,,
ZBEnJpEY,CgdK8DiyX9Y4kTKEPi_qgA,,,
8x3zmzEk,fWmudsz0gi0iE90Js6sBiQ,,,
VpoGZP3r,E4twNFJQyg7U6SA6WWIr6w,,,
0ZEDZ4oD,sWIDBzsVyQJYJ3_mfsfPdA,,,
rNo6PJE6,3wlmlqj-EL7UP_2CbklIvw,,,
8x3zgYok,wCPZZLOzIi4GdVCksKSlzw,,,
VpoGNA3r,72vyrVJJorSSgjEqQnM5TA,,,
rNo6yJ36,tpLFD6PqwxAPkqqFdhP9LQ,8iFiwfE6kFb-m5h_S_BJJg,,
NbE18JOJ,2mehBGuCRfOX4soeVCaZJg,,,
V430l53B,aUF95Gce1dsnzGCVpUos-Q,,,
1m3M9k3B,EIT59GD00S01M8Om8ZL8zA,,,
N6OkLgEx,0peqwLT0Ceu_MHcPYPs3YQ,,,
NbE1Ja3J,-9auqmdb2OInFUhHnfsUgw,,,
1JEbVeER,iHHmgbX7Yik33R4wfMoXnw,,,
WwOaRzEB,CnX3HLge6QjO2UsTXP8H5w,,,
9JoP0o8w,I3qtZJ6RVg1dyVnoZQNSaA,,,
dj3dz7O9,ydIBRXXRe1Ps-5uk1qUgTg,,,
WwOaxwoB,GkQU7juecuE_CPaD-y7KuA,,,
NbE1xaOJ,g3-gEZOj3UwHLpFe_Cidhg,,,
m0oW5wEG,0bZ0kpqHyKIOzsKCn77A4A,,,
ekE41G32,PqIfnLTmC9Xd3NDCOTRL2g,,,
JBEylRO8,OYAYRPuZoZ_WkTk3ZvisVw,,,
nkOvLx3B,0dGphVh1r6_gPjKXEhTaAg,,,
geEVxVoz,D7RujkaStmZug1cFKWq9QQ,,,
1m3MGLOB,6tuFkCbvGnmMk5BiEbquUA,,,
ydEj4VoW,TuI3_5xZZqDpCoQWXLcLjA,,,
njoZ0YEr,-vEzckZLHubWdYiGf0K-XA,,,
wmo78GOq,PZC-sTdPoc9JMiN0gX1rtw,,,
dj3dgrE9,kPPscfkvg5CbB8QOIHsfvA,,,
0ZEDGWOD,o_HMBMj1mOnBacrYvSQjDA,,,
6VOpLmOL,nGLpFn4Nol7zJgMsm60uog,,,
geEVK53z,rOl47leVn24H-YQNhkWweg,,,
njoZ4YEr,Rqeg9mnjf-SIhOLdAQKDmQ,,,
8KoADQ36,tw49kL9rwz6v0b6JCI3qAQ,,,
1m3MnoBP,h7AmdYhIsUiiQo-NJXvRQA,,,
9JoPbdE8,dRV_m3e__n7RoPtF-d_FiQ,,,
8x3zYLEk,-glE3AlHMKHPaZvUGbxVZA,,,
njoZzYor,shMpYXWdj9dvCygIsYj5TA,,,
we39aR3k,pW5eiRB4ghg6sSH1kcRMKA,,,
6K3lq8oz,vJIdPFZvywbH2KxxppSVDg,,,
NbE14yOJ,v4DecJSLEye_eMlFUkpU_Q,,,
geEVvJEz,6fCBLo_pwvkwK5rpk4KRYg,,,
geEVpBoz,kvZFIKVonEb7aatBqvapOw,,,
WeEeM6Ea,bc7nCo-wm4vLRZaGJNrZKQ,,,
JBEyVB38,rYuTG2Cs0qFL4blQHnoUCw,,,
KAoK4KOg,xkYjPZHL95GjM6a8_Tw9nA,,,
ZBEnKY3Y,1J_nO3AHh-xLThRAlhMcbg,,,
0ZEDm73D,MBeTiQcvjtGQ4Y1Ytsu2HQ,,,
rJoQK0EV,xDrPI88zTQCtQBmRkMou4Q,,,
7RO526Eq,JdW0fuGNLbNHG7FCneijLw,,,
ydEjYdOW,wYl3n0-9GOCVpOl8qoMlYQ,,,
N6OkMX3x,d19upCXEPNRhMzwKkoQ_Qw,,,
xWoY7dEK,1SEEvsE3sEoxha20jZmqqw,,,
B1oXNlEV,BynRpPoCulGqheobKccm1Q,,,
6VOpWjoL,A2oh0xaxzL09IN5svw-I4Q,,,
8gOqA5O2,lZQtHsj0Ql8qTlmPJ9KCQw,,,
ydEjqgOW,iqyYiy-4WSOWAw0fv96-Cg,,,
geEVYYOz,VNanHkHLfjU5FGrtkVYUkg,,,
Pk3wJwEd,_FkUxzihgfbVsb14fokGfQ,,,
rNo65X36,zPu8uvm7MeYi-HkWH7QmtA,,,
Pk3wqxOd,SKaGfb9rFbMeV5KG55bkww,,,
p038rzOm,96GcTGDku8NyEvNq7DJ4wA,,,
eVOBgpEj,mkZByNcxKjM7taSEoNKT0g,,,
nkOvAaoB,gk7iSNtLPyw-tJTyGlrnlg,,,
rNo6Zqo6,og23g4eoe0NYUXjwF1rwMA,lGUSbqJ6xVazYvXo2mu-8g,QOwoE_H513mKx2QMuNQWqQ,U4KwNfsHi4pkXde29W8eHA
0j3LPj3r,Mn-d_LIUp2W4ez2QO2_xYA,,,
0j3Lqjor,mO2xeWeSNrWdACmpN62yvg,,,
Pk3wBVEd,GeerYch_iQl1Kg7K0o8Auw,,,
ydEjJeEW,kLbav_A1PKW_5SniYG0W1w,,,
ekE42No2,LG1wJ8ZNcc6LlCoSnveotg,,,
KAoKa9Eg,dRrgpNk6iCrd7TKCQsGuyg,,,
JBEy7ao8,83Ei7irI71_7N17pV1xk_Q,,,
9JoPXeo8,cHfGJUXqkyf4Sg2Dv_Pv-g,pdQlxKj3Nk1wLy2M2yLqFA,,
nkOvn7OB,NmZjrVUl4npKVHhOfe5U4w,,,
1m3Mw9OB,2OvNCbl1wa_LUs-t7d3U9w,,,
Pk3wkV3d,oYzGQipt0Q7TMNwAophegA,,,
JBEyJ038,3gzwShhTaEYG9X7ahhUX0Q,,,
wmo7DbOq,FrUFaNmpMtq01z_eQemkDw,,,
1m3MdkEB,X4PNjSxhoTH0COCsVz6vMQ,,,
geEV7v3z,nu84h2UiJiTC0v9tZlSx4Q,,,
WeEePVOa,eZDKi_deDFboDBKcwm-4KQ,XG-brvYqojuVkI8jgDGTMw,,
ekE4VZo2,IdPILNU6ky88v-V_cZ-YLA,,,
8KoApz36,ERwrqQ3XIHfjZDlCzp8tXg,,,
rNo6gqO6,cpru4h9KE321WKH9KHkVlA,,,
xWoYavoK,mZdBHetTAzm1qq5XFinFNg,,,
B1oXQbOV,u5QByCKubEeOxznsIfYRQg,,,
Pk3wVVEd,z_XJzSeQmZXdL6E9RTmC7w,,,
geEVeVOz,KfnOYbgaz_SLBb1GS50H3g,,,
VpoGkwor,_RVguSh3CikNVlc0POp41A,,,
8x3zDbOk,YyFvDHW8rrOHrQiPzq1F9Q,,,
NbE1RY3J,hLuQ1ulrNM_Pv6P5aMUoSw,,,
B1oXz1EV,2fsrwI3kBHRwrSz-Se45Xg,,,
WwOa8VoB,YkwmqzzIxGg8WoEi68Gl-w,,,
v5oJvyoB,ocEL9em4sRNp-8PPxPlx5g,,,
8xEx5V30,v5N4UMHmGu_FPt27MbC_cw,,,
geEVDeoz,LbkkSCl7VbS1HAs7bqudMA,,,
ZBEnNqEY,mRCMZrswbUNe4O5_u0l53g,,,
KAoKrB3g,YSIwC3h-43imJWrxhOtIzw,,,
6K3lkeEz,FGMuRYJChri4jUQaCJy_KA,uNzLx6NGIgKF6sHoPAS1KQ,,
nkOvvaOB,45oR5eEdU2FXVsbbJMwfdw,,,
njoZmJ3r,fMc4kHzx8aqi_oG3_j6xow,,,
rNo66Ko6,YFa5GdK430YPp4MPgTnhvw,,,
ydEjRdEW,jx_cEc9Lzn_GmJ1Ra2SWmw,,,
rNo6dlE6,XRdqWc4J32heocwz6BnDwQ,,,
6K3lMxoz,wnzXj7wxcMIswmBuTOURDg,,,
lnOR8a3N,NydbCm5DEthbBOI32oYgIw,,,
Y1EmQ7Ew,tNtJIsC09XqZN4fT7fw9Wg,,,
p038xX3m,894gMmumq6lHr1ItfpJsyw,,,
WeEeGRoa,c8Od_8EV_JcsVrRnEG9-8w,,,
wmo7Wjoq,F6Wqv-ZTFaIASuBpUOIeEQ,,,
eVOB8w3j,L3HzIb3EHexFQtgn382zSQ,,,
p038D3md,wKd2UV8y8gV0ZkrCTiXlxA,,,
njoZJAor,flh1hyLK9NqKAYBNCIe2fg,,,
Pk3wZKEd,8hRtFXPnaygXq42sEDRILw,,,
njoZKbOr,BCWxevPBpWJQsG_BR6Hzfw,,,
WwOaMdOB,qr0FsFsrRBLlm1kSLdvb6w,,,
V430nyOB,maqxNFGcOls3uc6Kkj_rBQ,,,
ekE48ZE2,2YmxTN_5xL4TXZt8r9uwIg,,,
8xExay30,j71buF-_igyOE9vpWAH3vw,,,
wmo7q7Eq,HbvDZuXF-C3rXBlFNzHDmg,,,
WwOaqBOB,FbzMDetaaZJxCaJ8s0AxZg,,,
p0382zOm,lRzpdX9jSZUKleQ9lCM0HQ,,,
Y1EmJV3w,zdj-XLLtXekGoEsk6o5njQ,,,
v5oJVroB,C6IdiWHWxsmvCZ3GgR03hg,_n-JaZgSjlflr9rRJW3_qw,,
v5oJn1oB,S2lfNlBSVxy2ukWmyr1pbA,,,
Y1EmG9ow,BV6nubU4vR4w9CwlsBPoEQ,,,
KAoKz83g,HFlaO0C9gVxHYCsi0_Cbmg,,,
dj3dl739,gCo-lUYEe6UDUny5gGfXzw,,,
JGoN0BEL,eEK2tLvmQz9MZtoz9nnbVw,,,
V4300A3B,eyAXEt7-ddsD7sUSPMhUZQ,,,
njoZRyor,ud32NXukTbB017Xw1b49DA,,,
B1oXnNEV,MJkZMQGs0_Sv4W9FUiDG2Q,,,
B1oXXboV,rYCDem2aVsEcv01dty-Q_w,,,
Pk3wxVod,SAnMTC1rm-PhP8DQC4zeyg,,,
geEV2dEz,WJRuFYZsHtlqa7Xs0WVqMw,,,
qN3gvnEA,0VWs0HMWJOrHPsV-AAfwtA,,,
6K3l0e3z,gNJt4eC1LeryW2jiggQVvQ,,,
8xExBJo0,dmWeueJo4iWXrqgpmeJOXg,,,
v5oJgrOB,doSPNAhwCWd862VslDuJLA,,,
dj3d25O9,OE8PT_RBae_ruhX4bY1abw,,,
N6OkjVox,k-pldUHRTCPiUrFkhmJgpQ,,,
Pk3wN9Ed,XIaSOm3g9S_hwCtmbtqoqQ,,,
wmo7D7Oq,P5nd7-vewW3i3E9SdeziXQ,,,
VpoGe9Er,iHZp9W_NSxaiKjbNnfx1Jw,,,
XJ3rvZ3R,nxnCZ4olndpZ1ADtzYc0jA,,,
WwOanJEB,A5CFCdwaTmIUHlLMx_R1uQ,,,
XJ3rr83R,CPy58I8mWJLpKm-T90a3zA,,,
0ZEDNpoD,xx2dw2tUVh7kgLSbKLV1NA,,,
njoZxAEr,RuclOfaDmyO1QYi6hYg8Nw,,,
lnORVON8,ZDa5VtD3D46koegy2vK3rw,,,
Y1EmrJ3w,kw4caH-TUMPfcM1n_5Hgxg,,,
v5oJ5r3B,e56charRmGdh7pCAyk9pzg,,,
B1oXV6EV,_XyzGlNEsxusepe0GNB7Pw,,,
m0oWjJ3G,ePbarEYHSLbVtavni35dEg,,,
8xExD7E0,rqrJ4vGRpC0Uaea7ExeYmg,,,
9JoPDjo8,iFCDvPXcF8bkW3haGgURTA,,,
0j3LK6Er,rKamF-muQrOQjgwrM99EyA,,,
nkOvqXoB,r17esXLmQTWWtrKB9bvt7A,,,
7RO5aAOq,8wp-_ZX2IZ9bhNm6WNsJWA,,,
1m3MRLoB,e-kUTIy2yyhAmHoxJtF48w,,,
8KoA0q36,jEYHVq4oTbGEeRzVpJ--ow,,,
m0oWbz3G,tsdXF5fwxbfVd2ESHGQrlw,,,
0ZED4ED9,cwkvc9BgokULO8BcTjtR4g,,,
6VOpMmEL,PJ3n2nqnubwWq_qLNS7TNg,,,
we39lDEk,-i-BY37FwOsPeiq0hiYwnQ,,,
6VOpDlOL,1EjS_EEJ1iFMMZrt6FVXQQ,,,
1JEbamOR,AjTXolL_1X0I88gBkRjh4w,,,
NbE1LzOJ,rmfnEHt5vmS4CisPfBbuPQ,,,
Pk3wvaEd,H8ORIIPAIVbp_CIbEHlalQ,,,
8KoAQeo6,tnv4e4T4O7ZeoYbu8wPCFQ,,,
m0oWrz3G,W-IgsN3k1Pq5hXseYeHtpw,,,
1JEbyMOR,2ZtdyoRci6RcR0QPGgPb6Q,,,
6K3lB8Oz,isuVA4xsF8Qu2x5b4C3-qw,,,
NbE17moJ,rDB4jrshuzno92A8I0cFCA,,,
1m3MXnEB,DJNBZw_djvWzJhm01-jtZg,,,
xWoYPr3K,pf1vdxxbc9GBx3u2TkaCBA,,,
8x3zG9ok,e_prZLq4LiiB6vkXA9jTAA,,,
6VOpj3Lk,xAk3PpBr6oOQojREHDdMMg,,,
0j3LGMEr,M1KoBObQKRHmeUwr2UslAg,,,
8x3zj93k,n_XDOpzVF7PBH0y-PzfnZw,,,
WeEeAWEa,moaoxvVA4ubsodPilVQGoQ,,,
geEVpVoz,Jp9svt7sRT4zwdbzQ8KQmw,,,
JGoNxaEL,KWRE9Xszkwmd1k5WhUB7Hg,,,
B1oX5dOV,2YCTJoJrrgfjS9Zk0mHlbQ,,,
we39kvOk,4uU2nnMmjl2qCpbikN2Elg,,,
njoZJorY,Z42Z6CjMZnAJoB0_0JaJ2Q,,,
6Wo20NE9,wOthCOEu2-BsaI_PzWzKZQ,,,
p038Mzom,lcz33DBpt5F3ZgHnaST22A,,,
dj3ddg39,OhmqQgTKgthNqN11C744pg,,,
m0oWPQOG,XxnyLFXIrKgwRYUqAACnLw,,,
rNo6jao6,llsceRviZlo9VtGAD4-Tjg,,,
1JEbwJ3R,FMBUdQBYLXw4q4VT8wev2Q,,,
geEV0Zoz,P6xxQO9ie7N6U5u3W6PRxA,,,
8x3zKQok,ZP4dD0w8YNjEOgfVlxKy4A,,,
v5oJbyoB,B6g8EowWFAD-vriFpZGIqQ,,,
xWoY6vOK,L4ERXsZcQg5Pk8IdurIbbw,,,
WeEe7eoa,2QKnTI30EL2q1Ztd_GrM9w,,,
8gOqrDE2,t8FSldMl5Hv36TOVFeHUxA,,,
njoZkBOr,0IXHxBDDneO0UZxOm45d9Q,,,
8gOqBME2,m_Gub1g-9ka6IYPTcQJHcQ,,,
WeEeZe3a,weYOuPh92oH1G-zTnd1vGA,,,
nkOvQ8oB,a9t3Fj-H7NenTYklHMU00Q,,,
rNo6lgE6,kP1oWndxlfNP1Co9L6577A,,,
WeEek6oa,LJueJA5_1WEhnNRKw1WA8w,,,
JGoN9b3L,4WUP-VcOvfOon7CSyCyBrQ,,,
XJ3rVJ3R,R7_CsBJvwadsit4QkchvMA,,,
9JoP1QO8,I0MxH1z9Gt9b3EYfCBNzgQ,,,
KAoKeREg,vM9pvZLbw6Z3K7ErzUeCpA,,,
rJoQwlEV,g273t-l61Q6gonkEfeZdYA,,,
8x3zwbok,_yU6GKmtCE4Lg0_KfFl4zQ,,,
N6OkWWOx,kPmDPhcA4ylMKgH0N7Nm1Q,,,
lnORlq3N,LDYcMs-ccsFYgS00WA2YeA,,,
B1oXD1oV,lI6roNRyICm30NNt-by1Xg,,,
wmo74GOq,DDpQYNs87KJELp7rMtR2kQ,,,
6VOpeBEL,K0WmsjUNJq0gz5KfG5qiUg,,,
m0oWgloG,a4vt2ruDG8VVmDHoLIKgag,,,
6VOpbq3L,alAZkOEu8KNvQLOZ3banMg,,,
1m3MJ6oB,L7V5c63bWqwy_JA-4D3CKA,,,
Pk3wz5Ed,3EORbRSKQRQQEN7FLGeyTg,,,
XJ3rkJoR,KaNPkXtlygTqOqLMDN8diA,,,
ekE4vNo2,Zuf3DlZW3BJ7UI_-tsrV_w,,,
p0380g3m,X4bLzfS_Kak8KbsugI1yww,,,
rJoQW9EV,na22Hm1Q3tlGtqsjUY0Bmw,,,
0ZEDlBED,v4u5oD_NFFDd0tFsekcxcw,,,
WeEejR3a,vvv99buP92L-7kn0w5pCwQ,,,
dj3dMKo9,HkeXuwA6aFdoDCXy2CNYdA,,,
Y1EmMWEw,xkrb9sLXf8kJKsgueKwKlw,,,
8KoAApo6,3QpvZF-hipcXBucHuDHEnQ,gYhc_mDxk2zUdpAlFMsiQg,,
we39yD3k,Jt-yF5nNYND5j6imKhv-Aw,,,
7RO5z6Eq,ACRW2W2rWGNx4HdWGzRALQ,,,
wmo7jP3q,7lgCNIHidrJ6febOhY21tg,,,
7RO57V3q,DfoAFLWjNX8oclNIfW3pbA,,,
B1oXbbEV,KC9tp_gWw9OLFJ8Te1YDYw,,,
Y1Emn73w,KjqDozXRCbCVL3OL_Bks_A,,,
dj3dYgo9,JU0Hts8FShbdSUCPMqre4A,,,
8KoAPa36,jIuyGjGWAmkCQqfRiguMdg,,,
7RO51AOq,yR8NGc4Kn_EjdxrYAPz95g,,,
8gOq54O2,GH-sRrLQf_l5yTgxrWibJg,,,
qN3g9nOA,f87WXCUNiytePwIZKitE_g,,,
wmo71vEq,9WuqlfBkpEAzvxuTboAEHw,,,
wmo7X9Oq,vNBYEh0Newu9ZRl_ErWaMg,,,
ydEjnBEW,aMZjT1a0yd0-pZYS9NBYhA,,,
wmo7vG3q,95aqZ9JjUfwPcAqRvN6pCg,,,
8gOq2DE2,Kj2LXpP_J8KUQ1Jnjocfcw,,,
1JEbzJER,g4EqHX3oOwhkAiJEcGlb7Q,,,
njoZw1Or,uaGGIjXT0bCE2ULkWIoPnw,,,
0ZEDax3D,gniHhSdp-E0-mq_zXTCv8g,,,
0j3LvDOr,yyA45263J-aIpWpB3iMfCA,,,
v5oJddEB,_iSsxjvEgguKf43iQnaisw,,,
ZBEn2EYb,YHwsG3yBoDBHZz5OH2oBGQ,,,
9JoPJ0E8,5dvNXvN9KOc37sIiquLeRw,,,
geEVn5Ez,hZmJT_7qL6DClMnAuAPcwg,,,
lnOR16oN,YZ04HrVMzME00tDw2Xi70w,,,
JGoNzdoL,bfVpIX9wXPsl0rIE3jGSpA,,,
B1oXxQoV,aW6cYsHSgW9uStnDH1zotA,,,
p038RaOm,7sZUAqdbWh9q8kb4LSbq9A,,,
ydEjw23W,a-DPaJrBpRFEGu8VviKJhg,1jZYnNhRuzLgdx0yfdkLMA,,
8xExGBO0,tyZ1q3MIy-GGXBUblvHuhw,,,
6K3lDk3z,YwVrGJGxJrvanvKCPQyyQw,,,
we39kZOk,UNTiFFFsnOAjszFc6HazNQ,,,
KAoKdPOg,VRT9Cw185YDFT-HC5dIOtQ,,,
0ZED4pED,NTm0rhb3NnpHRLaVoeqXVA,,,
9JoPqZO8,8KkEwo2MnJbbsPNd3RYRMw,,,
ydEjjPEW,99CdtmfF3SDTHpIT5y06Ag,,,
0j3LAZor,5hcDGjyNvKfPZ6K5g_sdEw,,,
dj3dV5O9,lfMjNKgM7iEcAvVI4pYguQ,,,
rNo6RLo6,Fb-tiNyOFI6_iKDlGVydCQ,,,
lnOR9LoN,LsB51VPkcEK-ZEhYsbNvwA,,,
1JEbM4OR,LkvRXY-erh34k7CPlrSmBg,,,
B1oXzNEV,Vqg0wZt-DDxz4KDpwVHBjQ,,,
ZBEn6pEY,cAP0OVtHGoptaCbJBV0Bcw,,,
1JEbxMoR,NUTk37gRUiCoK590DZvl7A,,,
B1oXP1oV,kmN6mffJggJ7AyPyb-EHGA,,,
B1oXAYOV,T6WwCuhT6T--lQ8Sm_z3ww,,,
rJoQVAOV,3snyw0O_H4Ze8O52m6EJMg,,,
dj3dwXE9,atBHpfm6PT2PFKCdKlchsg,,,
6VOp5QEL,dzWlRZ_D2_sOuGHQiKL7aw,,,
wmo7L7Oq,uH7Fdl_AV5evyo0pzUmcvw,,,
geEVveEz,fWVyELwqAlQuBaUKUao5Lw,,,
dj3dDj39,n36YkNyh2LsousH8CpRJLw,,,
qN3gzgEA,RTfM4QAW69Ib98mCoZg0cA,,,
NbE15REJ,K9XTvGo_E5DVqenXI_-YCA,,,
8x3z7Rok,NOxXooahnQvpHoYKYTdh8g,,,
lnOR5eoN,dWaKSQ0ldxG3SxLVZ_R_4A,,,
VpoG57Er,dTZXK0LviUVzRZLlmPeHww,,,
m0oWRQ3G,thfRUBZNlc78AD3biio3jQ,,,
XJ3r7RoR,Pf0x-IBHLeGKG4KyvcfEfA,,,
Pk3wKx3d,2H_FLNPMeMevUG9vRTiXQg,,,
qN3gq2OA,9_KRVbX698UZwzFvdiYQrw,,,
1m3MMY3B,52kGqiCBaRaJQpsjqn1vTw,,,
m0oWNg3G,d6MtCso_FCwtJul_eEb-2w,,,
6Wo21539,x4vDzFOR1bB1q4LCekkUwg,,,
8x3zBZ3k,OC4QWe0o4D3b9Leqyp-AnQ,,,
wmo7bb3q,a4bQNqkMT0mgR7Lp3iJYAA,,,
VpoGwQor,6PI_tUWJSBW5qA8zpg3_sQ,,,
N6Ok2Qox,q_oPXQZQQULmDWo2erNvCQ,,,
xWoYNjOK,diicj_cdE-UDWjkXTugDyQ,,,
8KoAypo6,6IQO8dP40bsBDNuxiJDL8A,,,
rNo6qq36,ECv0o_XUO_Vfa0DkTOraig,,,
Pk3wG93d,H0mqWM3NaoBl2wDeXfUe5g,,,
ydEjvBEW,_TsEN_c7E7Kodr200cf1NQ,,,
qN3gx0oA,8dHsRdSZOcqbBjzRjSyeHQ,,,
0ZED1B3D,HMuY7c_rCGY3et_j_NUCvQ,,,
dj3dbrO9,Jryua9olKxJg-TFC1KAmsw,,,
8x3zP9Ok,pThpgTVGdxeniDSif_Vhag,,,
XJ3rBW3R,iY2Jglsx3-5AcT1JIDdFhQ,,,
Y1EmwVow,3UVXNmD-0OTPr-6BBZoaOw,6nVC9ExNkiQLI8A_dMqLEA,,
nkOvll3B,zlwT6JLTg1r5iWvF0MYeLw,,,
B1oXYDOV,a-0My5xVhqyjJFZS-oDekw,,,
ZBEnjpEY,0Uwhcv2z3IYaI63gYA3R8w,,,
we39RZok,WZNe6-EvreAujfuNIUmfBQ,,,
KAoKB3gm,msfxf2Pz1IsssbIuzRuryw,,,
rJoQPv3V,4_m8EGJ5QgqTcnusZ21h5w,,,
geEVzzEz,3EBoCkyuohytIdhQ8xIoqg,,,
XJ3remER,pO7PsRYpeUTVkP2-n3JKlA,,,
KAoKKpog,jIHAOUaIBx-1QFnpEO7vNA,,,
rNo6LXE6,OPuKkqCnM3uowh7969-feQ,,,
6K3lLe3z,khoZ3H7qnDzNSFlJrmUVVw,,,
m0oWLPOG,NJJuY1Iynb8uBGnD-8ROxA,,,
wmo7ydEq,U1OyyCcsAV1zdfmbotp0LQ,,,
geEVwJ3z,TDFTliRgAq6lznzG1_jb8A,,,
wmo7BG3q,CveIhw0rL4xVkt_sUy2Dlg,,,
wmo7JR3q,LpFfAhqlGdo-6mW_CN_I5A,,,
Y1Emrl3w,gSMVzEy_Pc7c06wj47m64Q,,,
7RO5DXoq,JhQk0tiAIPyl1j2mpvenxQ,nrwMc2wS5c1B2HeZtld1tw,adS5gdetsAO84I5Cer9g6A,
rNo6aa36,7cYYeyV6xWSLWWrCQP8-Vg,,,
we392Nok,BxIM5p03IcIcHQUUGlAU4Q,,,
ekE4az32,olr7OWVTHCbDgOcGHQ2KOw,,,
WwOaww3B,jpWtcGHG5XFvtaHRJwCb8A,,,
ZBEnqvOY,xhaFieWt2Az3GSUyzn-nzw,,,
JGoNyY3L,rBZxMpltwxiS74lAYuOu_w,,,
wmo7yPEq,IVpp4umu-lVpZRDtCNmWag,,,
geEVBEzy,gPVH2Wr4GY8DUucadNh_fg,,,
rNo6p0E6,Gu3HnRS6X2-mJPNVZyD3sA,,,
we39XDEk,KSCWAhym4yhcMhNvaOwC9g,,,
nkOvDl3B,HkfAL4BUPv-CQEkTiDXUVQ,,,
xWoYLM3K,AL5gIxKwkMra9PrNvC6QUA,,,
JBEy6m38,GuIok1t85ptZIFtfeRikAQ,,,
rNo6M636,5DDVeOjmnMXgUNPyE1SU0g,,,
lnORgDEN,OlEkpB9fpBHgJ0xHlRnbkg,,,
B1oX5DOV,NNzNPqHB08jdgU-BcCWIMQ,,,
geEVw53z,cPmXKmmAq9cNRDcXLtgBcg,,,
dj3d5Xo9,OY_RVMiYf3wIqe1bGz1LTA,,,
we39vDok,6HkHB0YayMZin2QEgEHtJg,,,
WwOazzEB,XKXUXnvLNS7q8HVnLn8WfA,,,
qN3g4JoA,G88k4yuXRNrCtOHtEH8AHg,,,
wmo7P9Oq,MunvpbMj4zWntWvutQs2nQ,,,
dj3dkaE9,1xNCp3U3tjh1AisKR0UVnA,,,
WeEeNw3a,IJh_hWr1R9JQ8NWy8RZ-qQ,,,
Y1EmnR3w,OfPQhDhbYaB0qDlnv-pCGQ,,,
B1oXR1EV,IVAT6g6XCmCe1z3nE3SZHw,,,
6K3lygoz,ag3QIkYbGPpuur3xOyt5Gg,,,
Y1EmanEw,2xCFbj5q6hwhCgTyfH3QPg,,,
JBEyG0o8,iUGKzyobaZPg9KMCOqJS2g,iquagvxjjYfcZVJZTnVFWg,,
6Wo2d8E9,kshlR2XNJdyNRsb0CSBvgA,,,
Y1EmkAow,vE5D1PjdG0kKWX-bVod_wA,,,
rJoQRlOV,CzZFeac_hEN6naVPqfKszQ,,,
8x3zmQEk,3V1ILT-ko_rP08q5gJ-D5g,,,
6K3lQKoz,QYAjtlXOyukHzmNA2T9BhQ,,,
Pk3wga3d,1znmVAquIZyn3yeR64-uTA,,,
geEV4eoz,wmGYlQm6IXycJ7rdph1OLg,,,
1m3Mep3B,rLhMycciwa4e_5EESXe7eg,,,
B1oXWb3V,QU3zc-FeO_Bo155j-y6Glw,,,
geEVNvEz,ucZ_K0WMaxBS6lupeg2EgQ,,,
WwOa2NEB,midP-DlFB9T7W5QM7geGWA,,,
geEVDJoz,rSduHsG0O5e6NK4xbdn8Ew,,,
Pk3w4wod,5bvLzDjYnmMp47MxwZ3Fkw,,,
ekE4X0E2,-VZg-ucDw2aZgDc_BGyUkw,,,
1JEbYwOR,MxEmhStZqOmApfnxu4ev6g,,,
XJ3r1bER,mLialt1oyCzT9j4SChcG6A,,,
qN3gyzOA,d7VfzeMQLCQNRYke9Z5-Lw,,,
6Wo24gE9,s_oYmzi0V8E3F3WPx_CNQQ,,,
XJ3rRm3R,J5_D-fkWs3yuO6QRVcvKDg,,,
we39W0Ok,FX8RGu4d3lEvqTIF-x8sNg,,,
V430rqOB,Cd6XEOeb-vJo5KoUE4jl0A,,,
8x3zVQ3k,QuazWwVqZJsWjI1nJ2JpgQ,,,
ZBEnLroY,kGji7Mx0FY8nTsBGFOfstg,,,
VpoGxROr,X0N1l5HwY94ztQTsP3sMfg,,,
rNo6Bdo6,ezkCM6M0veLqVruBEIOdjQ,,,
wmo7Vd3q,5QDj8OwrJ4VLHrbuNzLlFQ,,,
njoZ5X3r,nCGr8lh1FlqzXjtVjUbiNg,,,
6K3ly6oz,qgnl_6a-mgtb1aZDY1md_A,,,
Pk3w65Ed,RFXxCzrNRvrkvrg9Ic1opA,TYXCkY2RV3g_38RfOKAH3g,7D-fQPN5jea3d1yb83-ZSg,
Y1EmgVow,dTp9jwBWLmRSPXHD_7-NIA,,,
p038Lz3m,CmhWVaHGCcDcx6RvuY59Xw,,,
1m3MrnoB,o6_36tN5EaWkrzs7d6XmZg,,,
8xExQV30,g3mb9okPoX9hlobP70Ib0g,,,
we39KZOk,GzcnvLq7a2njQxWyNyepUg,,,
geEVABOz,txYT-Oil_phLgsRgsmV-qg,,,
JGoNAb3L,e0fQVclW_MIN6yB7lnoqLg,,,
VpoGLROr,OIIuNAh_kmR2516UgSzItg,,,
WeEemVEa,d89ZOtyZUX5A1S4ve0TVFQ,,,
8KoAJzO6,GVA5cmjybj4JUi9h5R8EVA,,,
nkOvKLEB,Wl9pRPVB-5nGjyJde9sIHA,,,
xWoYYAoK,41MN7KtpS5fwXktQZHXbSg,,,
WeEelrOa,gZcOjmLk397miL_W495xyg,,,
JGoN2WoL,EQdxwZ5QaATWcUpJ34DXmA,,,
Pk3w02od,vvX_-7x1EfBaRbJMgot6mw,,,
wmo7w2oq,nkoric7DYPuXV8Pio98-6Q,,,
njoZKJOr,bj36OLf7jRidCN0TwdDrmg,,,
N6OkkGOx,f0w_rgKSQ5jRxI0a6j0Q7w,,,
rNo60E6x,w7J1C6ECgkcxMHJfa4ERpw,,,
njoZLBEr,iqubgiDqYbdSbP7utF6AvA,,,
njoZpBEr,acmZO_u_9ez_omPzK85YVw,,,
JBEyKRo8,6EFQD2IlaWFIgJrRnwJ9xw,,,
JBEyZN38,NL_SgFCTBYp1P_6ZD0-CyA,,,
Y1EmAEwG,63CjKaTYchwqUFfiBV-zhg,,,
8gOqvAE2,VC42tE5wGN3xuU8NwBZs-Q,,,
JBEyvm38,6PPU0mHQudHwYeyoNALhDA,,,
rNo62Jo6,YyF1fyBXCjtNuExOlNId5Q,,,
JBEyrV38,oes_GFGwp2aK186_e0UuLA,,,
B1oX4boV,Swe_8EQFU_I_v56ZAb202w,,,
N6OkKQOx,-B6GJwKCVc-OzbdjhhGKlw,,,
JGoNpdEL,LYrvNIMZoIZ7ypEX2noiPw,,,
m0oWDJOG,SC_RolJgCkt7xuPlawvVOw,,,
nkOv1loB,pYFuL3oWBq6NOR6YBfQXRA,,,
geEV85oz,b7wVUhfRd-wNzIIywkYrYg,,,
V430q1oB,EJOtrpX2X0X31Us9j9xz-g,,,
WwOa0poB,GSXZjjsepNzjpWd9mPNPhw,,,
njoZgbOr,XwdoY4HpowSTHAp37YzhuQ,,,
V4305oBp,a90mBZY7y4VrrUZQkzO_Dw,,,
V4305yoB,MgRLD8cMA7o_7A-1cjRmZg,,,
1JEbvmER,slMmEIy5n_UBwxyCEpd3jA,,,
qN3gkz3A,bWcXru9JiEgVN8g1QigeKQ,,,
0ZEDV4oD,aiPbrwibPKi2eCRFWo4D9g,,,
qN3gK03A,lCaOVuAXUuaQFQMr-Tf0xw,,,
VpoGz73r,J_4sDdzq6XctP0DMtb4_9A,,,
p038m8om,3trVGh-O7fSf_lmB_kgtew,,,
B1oXlNoV,m6MNif_bo3KqlUKasxCGYw,,,
rNo6w6O6,wOOQ70uZ-ekV8QbDE6cYwA,,,
7RO5yrOq,Ont9pfPmKYQKUHnGy_m6qQ,,,
KAoKP6Og,0Zz_MtYKgwiq88bWbKWMnA,,,
JGoNqk3L,SkLwwchuPClWY6vwmQLV0w,,,
8gOqZeE2,QHU31uh_94QXoFy5CSwCsQ,,,
ZBEnkv3Y,QyEfD5XPbAEO_iHGCMprZw,,,
B1oXk63V,lO8ltkzXkHQoQ9Zzq1_iJA,,,
we39drEk,H10Zp0Gj5w1osmR2ID60UQ,,,
0ZED543D,a4qKfVBk5HoUfVn4SZvpWA,,,
qN3gmJOA,hHSJ8IYHtGIdW5WzG7kKwg,,,
njoZWJOr,zuRj4B_6DG0Xpqqu0iPWaA,,,
v5oJxBEB,aWXG1zMM_dslmlmmHU0ufw,,,
9JoPY7O8,CdBOM-FrzySjVF4HYA7wEg,,,
1m3Mj9oB,WQo9jMeOf9ClCkAnc0Q5EQ,,,
KAoK283g,epugYmyqwwtK4qogHb9OCw,,,
8KoA15o6,q1QPNweOfqRw_HySjTlA2g,,,
WeEere3a,jG5-2hKdGfV-bzmPvYgaag,,,
Y1EmeAEw,_AVQE51IvmHf0gsnyLNPMg,,,
9JoP47o8,-Jh6xjeYXCgECsyJ9D3MpA,,,
Pk3wNKEd,s9DGAFIU1tPaI_SQixI6XA,,,
1m3ML9EB,_989gUxWuEPyufzez6PFaQ,,,
dj3dJrO9,aJ0zKKKHh3Z3YpbO514MPg,,,
p0387GEm,XUK-xlELFx708DEeK2V1jQ,,,
qN3gDBoA,RE9BC_zxR8yfPvoll07Z4Q,bmSK1CYtS3vMsRTFS1K5lw,CSEEeBLX5C-5IV_Y4KC_IA,
6Wo2mV39,8v5r2Gzl4mSCYMparPvB0Q,,,
rJoQzAOV,Y2gUa_4daaCNNleXdT9XSw,,,
KAoKbp3g,QqeKwjGd-m32yY-hl_57ww,,,
6VOp4BOL,_mtb_g2Hb-5XHMonb-qobg,,,
wmo77Roq,YyOCh33DuCzUXKQ0Ply35g,,,
0j3LDa3r,txa1UldUsrWQ0mU97hu6mQ,XRqWRp6By2VMscC-s1FYRQ,,
8gOqR0E2,M0XhMif_y1aBZTSilkZE1A,,,
ekE4qL32,7CgtuoDb7jenH44kYjksLg,,,
Y1EmRn3w,dZpvC68Ln0vmmyb5IxbhhQ,,,
1m3M4yEB,vzQTzTT1CelY5tjGpb-RkQ,,,
we39eN3k,W8t1ohtJr437w_T1D4MRQQ,,,
XJ3rnY3R,2ruIEdvWfleNXaVtjrtY2g,,,
ekE4zro2,ofbANc1hiZaF-t9TnnoBNw,,,
rNo6DdE6,N6RSn9Q2nA37sp207R8c9Q,,,
V4307qEB,wPUi8TumBD682Hhq2y4Guw,,,
WeEewmoa,hNErRbWB_ooUeJ562h7JIA,,,
p038Xv3m,VDmxbcPOE2rj9cAaK64JOQ,,,
9JoP9QO8,1U7_owd2auEqLYZ9hTE6Rw,,,
v5oJDdEB,lU0P9d4vEJXLF6yLBOCsRg,,,
7RO5MrOq,GcYMN94gaEgvQyFi9mpCSw,,,
1m3MaY3B,2hdEg88EI64rWmtNOpnOrw,,,
nkOvXV3B,rSRzW-13jXLXyugO06aqfw,,,
Y1EmJ93w,K3IcmIi1fdW9RonMROUUbQ,,,
9JoPR5E8,e8N_cDo42AjScL7tO1uw0w,,,
B1oXLqoV,zMdOOAiHoAQZWvxW_QzQ5g,,,
9JoPn7E8,YGOEuuebWut2Lzz1ASIXMw,hW0eKZFXn5ZH9BxFUPXqkQ,,
0j3L7vEr,cXZc0Imubyv9thWpHDbPLQ,,,
8xEx8yE0,jPHBisKhHsWOKrvUcoLK3A,,,
njoZ7yOr,hMbNNzOp6WJM4dxWMzkj_A,,,
1m3MYb3B,uhlPmG9rhVF7BLexJkvS2Q,,,
ydEj7V3W,n30ARamDDOW-AjujUnO1Yg,,,
we39BZok,D2ub8gbgMkJBKMucHFqquA,,,
V430D43B,o0-doaAUctcM-D8BZHN3mQ,,,
0j3LLx3r,u-MpfIKiRT4yALrvX2G2qQ,,,
9JoP60E8,M7UnQR0wvLq7sZNhau34YQ,,,
ekE4bro2,uRJmtOLhMex96Xs0V24leg,,,
xWoYK9EK,cEQseQoCN8EWMC53F0uDYA,,,
0ZEDYk3D,1NRgck4-Jr_0Fqxqe6DMhA,,,
8xExVVo0,NWeiDl30SoXjsd9uZnbbHw,,,
WwOadpoB,VFUXAbvMUeQu8NWM_MibGw,,,
njoZeJ3r,Glj6qTebV81NTRu8kvR4rg,,,
JBEy50E8,8h6wKWtjaKsL4v_2jDEYvw,,,
WwOaYnOB,NIB9DZuyKNmnBq_IKav3JA,,,
dj3dwaE9,jFRcI0N0n1ofTnMVFapjCA,,,
B1oXKN3V,3Sveq8N13wTQ5ivjs3YFhQ,,,
nkOvzLOB,p_u3NJph2oyJPggB7Kt6VA,,,
WwOa4YoB,6liJfRMPCjtlQ36xfQwlIQ,,,
wmo7R73q,W61HaegwC7_SeewjRZ2OUA,,,
8xExxnE0,4LHTHWNvZsSjD9dTReMrGQ,,,
dj3d9Ao9,qoZQa7cPSuWiDWvmrYAMSA,,,
lnOR6LON,o5lANHL7OP_2HJVDul7X4w,,,
6K3lmKoz,9LqjePp-tUbtgl-Bn9gk1w,,,
8KoAwzE6,GGwaw4WgGhU-26Z-M84muA,,,
Y1EmDnOw,xC2BoQbYRktn3u-Ktaw-dA,,,
rJoQX03V,8gk4JMYrd6Ak8MfmsDWyWQ,,,
WwOajNEB,3dR3ksCre2BkocWYOrBvJg,,,
B1oX2QEV,vyd27sd_KwTDLQfHilYFdg,,,
ZBEnnKEY,vkuBAD2yarOgLHOyF18mzg,,,
8xExLBE0,uJjWNq_fhBmtb39udLu_ZQ,,,
JGoNGdOL,uBVW-S8me8Bocp-J3H9t1g,kIg2UtKh3u0tIHFV9FdMGg,,
m0oWaQEG,rTgqAu9i96yxhGxzL-1R7Q,,,
WeEeQWEa,dseMFvWQ3eEZouqbM7kAmQ,,,
rJoQbqOV,_mb4WhqwyH0kA5xSaQd8Gw,,,
9JoPZpE8,eZBpmuAHAzDHb508TbDFYg,,,
lnORZeON,y_9JlEzIeMR0C0YFCHP89g,,,
8x3z5bEk,ktFRQXnKdTrcaQULQBVroQ,,,
nkOvkaEB,iUoD2zZ6fxF3-WZXwSkdKg,,,
rJoQkrEV,VlQYVd7Ap_W3_3XHiDMJKg,,,
geEVr5Ez,dvnm6-rNm2yytUyJ_2xjlw,,,
njoZGbOr,5ioQOPvZFvdzAe9Cm-jjfA,,,
8KoAnaO6,s6pohtQXtKENs1k9FKBAZA,,,
N6OkNgox,JDdGkan6ibGf1xJlH7K1cw,,,
m0oWW2oG,_gMWPSklRidqZzPOaqVkRg,,,
NbE16z3J,KkG17ApJYDtvLNlKsT34XQ,,,
JBEynN38,rUhsie3C1QJMTe4hrZPNeA,,,
njoZdJEr,zGcIAqLmOBQPTB4DQtLKWg,,,
0j3LyLor,sFDxPtdeUr8FT6UGTjlLUA,,,
eVOBDa3j,bISTDLE6kTz_08wYQJM0ZA,,,
8gOqGA32,zT1HwBjp-iAnmnWK_JHSxA,,,
1m3MYZ3B,pbJKjTBqjjk21bqOP72b_w,,,
1m3M7yOB,S-bVzR1Qyr4lVMItPqj2Nw,,,
qN3g7M3A,XM1bi1co-b2xXsC6o_7KSg,,,
8KoA9Ko6,geJzs2U_duK3Q1JYcX-l7g,,,
N6Ok0qEx,lPFlAg5x3zINQvOd1neaXg,,,
ydEjQ2OW,75dtVyDb8Sfwb7dR0cBvdg,,,
6K3l83zX,rpGuGU8tg-VTUy2ndbqGuw,,,
njoZqQ3r,cX6un9p_jUHdmEbJogz7JQ,,,
qN3gQ1OA,MyoYgca7Wy0htn7fJTuw4w,,,
we398ZEk,G5QEyeI1DIVZIf9Gm1TVAw,,,
Y1Emx7Ow,BfPKrRDzpeQsljyxMa5sSA,,,
NbE1wPoJ,6Dg95s9RQXOJHqS4OUAG3w,,,
N6OkeW3x,hxvkSECHGiVi_UkupMtXCw,,,
V430p43B,zXIeQPGSfsWQlUiIWOPsTA,,,
ydEj81oW,E5k7dSdKCSAY3l4_GoEhaw,,,
8x3zy2Ek,7_HfMVlKLMdfvOfkONiPEw,,,
WwOapwoB,O6c0dMsi2qN2bd34dH51ng,P90OtgrauSzYTrF41z7p5g,,
we39G0Ok,yhXTMFGXeHmA6SDdT4P6Fg,,,
Pk3wZ5Ed,WIkE-1QK9HejhogVocAKmw,,,
ydEjDdoW,RDCC1-6PTYpRgfYssrrwuA,,,
8x3z99Ek,F8GfG9u-t46WAr7hg3RcRg,,,
VpoGRA3r,fwhsxvsvpKNfgX5omOxeRw,,,
lnORLK3N,rq1-JPZH2mxwKcNgI_45KA,,,
ydEjp9oW,hwr37nnn9vM7zbc5akotIw,,,
Y1EmvV3w,SGtrSwIBaWLVtqgmaEB_Tg,,,
eVOBNMOj,3hq5U9wrBwRHqjDD6gqzkA,,,
6Wo2LYE9,3AYFYbSFlqlW0PJ6I4OSXw,,,
8x3zJ93k,caGWVzPH8K1KnwMnM5_atw,,,
eVOB91oj,_kKbr4n0qkZHhJ9hgqEpHA,,,
8gOqM0O2,6IkONY-TKHanUrCiZCNCDg,,,
xWoYqvoK,kOm4rH1wm3zmZtyibxN4TA,,,
njoZQX3r,zvAtXIU5xd0SextAf5g-Ow,,,
8KoAReO6,IR0JDxaaj0LvlngmBSz_0w,,,
JGoN5k3L,2PSHg5xMdBLTarRGGCCzTg,,,
njoZ1D3r,Dwm4JIJpVL0jg4X4oSXFqw,,,
V430zyOB,4TncyL8ipl3Xha2Tc2c6hQ,,,
dj3dWAE9,HDNruD8TkRfYQKPx3KA58A,,,
0ZEDWxOD,Nb7dRR6ytDPVA1Nm7FVupw,,,
wmo7xbOq,tiFfG3SbECckzh_NP6uY7w,,,
we398lEk,qmnZ9OLYxTXPE087G686_g,,,
JGoNdWEL,PmnLtzqNnljI5cIxdB1gLw,,,
Y1Em8ROw,hg5hTcvjNRZsldsvZT1mPA,,,
VpoGrg3r,qjgJ-UbhpwlIG5bT_E5uMA,,,
8xExRWo0,JZWWu6WP1aSI89pj3PF7IA,,,
eVOBzpOj,DMWDTN9THjEToULGRhC8wA,,,
nkOv6VOB,9RduFWB1csxeoDV4wk15WA,,,
B1oX0moV,IMBstkmVEMrK61LVm5Fxvg,,,
9JoPNvE8,3MKuOTsPUZ24DepKBvUoyw,,,
JGoNvboL,ZQROUwE1uZkWZ8vEWTKmjw,,,
XJ3rpQOR,i3JOrO3omdKWL0hjMoEynA,,,
JGoNb6oL,q5X6aH32ydVHMZ5qoe9g3A,,,
VpoGddOr,qNGfTF1kroJG-8kAvpAwCQ,,,
1JEbr1ER,5B0wQAG0Be-v65oTWstqdA,,,
Pk3wmwOd,Cfklt_XYr0rwHdEEQwBrrQ,,,
6Wo2DNE9,Rh29MVOqv-J3onKjtbMLag,,,
8xEx2Bo0,iDXhIur2XxHW-WArUvqVtw,,,
KAoKk8og,Ac9gl7dzd-lYvsbYOxV_7Q,,,
6Wo2AN39,eMYnC1tNRTD5fNHEhAdfXg,,,
ZBEnXKoY,EogdYZMOzqtDyNNPJDkFBg,,,
XJ3r9RER,GItsDlXbIzMQAsAIq2ib1A,,,
WeEeeVEa,pn91jhnSxCuUgJ94f1tThw,,,
eVOB76Ej,54peQzYl3d1s2OE7seLchA,,,
ydEjKB3W,6btdEYVerE2ntcDqpVaGFg,,,
8xExNno0,B2GQsPae5qKXddGMXk2BjA,,,
njoZl1Er,3ec0du2rTBaKwIGSTM3N3g,,,
eVOBY6oj,C76MZkV2DsH1MJZzmluFSw,,,
v5oJyJ3B,095Hm7lg5fVhZ0QwG8PvmA,,,
0j3LXM3r,PtWuAKY9x4X4rKUq0Nvqpg,,,
Pk3wy1Od,hGqHaVeKuK___6tij36xCA,,,
Y1Em4GOw,-aqL6hv7-X4gs0WXIQVd_g,,,
p0381eom,EAZuOlZyYZE2_QRxN7WsUw,,,
KAoK693g,g1e3LjVY1m2Jk2pc9Alk2g,,,
6VOpZ53L,1OgNGxW6xsdvqNj8M_kEew,,,
ZBEn02oY,wk2CmiHBOOMEJBdqgzScVA,,,
0j3LnjOr,F14qL4VRQ3Ewc5uASeidNQ,zUjfvOypNh8YBiPRwU95zw,,
XJ3rYpER,1aoqivGnaK2l5fFSw3sb2A,,,
wmo70QOq,jLOBjtz1oQGTIK6DV23XQg,,,
Pk3wr9Ed,RwoZONAaH4WXeGhrko0fBw,,,
WwOa7d3B,SGAo-vR3jW0jW4e3Ya9Ruw,,,
8KoAqpo6,kAnnSL3sdlsQnlOML3FWuw,,,
Pk3w11Od,KwVjblpK5zIucKwWZJJlUw,,,
njoZ9y3r,ayGCFjq88qPg3XMYrmF9Lg,,,
lnORaqoN,gTue_qSXCQ5yCw47bS01RA,,,
8x3zNb3k,1gt36W9AlOt8LVb8AylKVw,,,
JBEy0aO8,EoHKFmYBC8N0MrSmvIH_ug,,,
dj3dDA39,8Sp8DI-G3VKkvkQY4-DK5g,,,
njoZ71Or,tlrPCEVvSpcH5n6S7vBVTg,,,
Y1EmlGOw,l_Q1vhHjpt1y36OHkC8__A,,,
6K3lV9Oz,KpGUuNllsQ1aQ8YZUCydGw,,,
WwOayBOB,ibB-gWMeFvub8nVS9EozjQ,,,
wmo7z73q,S6bogIOY8aldoy-ETYzuEg,,,
N6OkdqEx,9OHc9Z-jjvRrfBRtdvRd9A,,,
KAoKWjog,auYdFJlezRcLuQ6t_HkV0g,,,
JBEybN38,0d1KH62BWiIQOalN2RQ69A,,,
WwOalJoB,HIiqzOi9NMPEqNaAgK_0Rw,,,
6K3l2eOz,vjqhEE9fI_tZ9EkwIK-RPw,,,
rNo6rqo6,8YYxGRnhBrZ1N9-GTKF4Ig,,,
V430Xb3B,lQ_ENdRoUdoOgj8fMkLEKg,,,
7RO5ZNEq,_Dk3A_GMNyfZE4R-CH7-eA,mDD1PE14eHrl2ix2ddaBdw,,
wmo7mPEq,fYWIxI6kwuVqpPu1I1baWA,,,
geEVGZ3z,xVperK2epRvgKRiDMwuxFQ,,,
lnORQDoN,GshOkfZN9KWRVDiIaLsuRQ,,,
wmo7kRoq,J3YdrfeeSpq7VwQf8fjh7Q,,,
0ZEDAB3D,LaugUEDfWew-yrF3zxy-7g,,,
V43067OB,JHko0bR_HyWyDeSQ2b-6MQ,,,
p038bGOm,5quznkVENTgz60s1i13llA,,,
nkOvrZOB,vu-2-KEaAL8lYQwF1M7aVQ,,,
1JEbm7OR,HiLlDwTOX2wiLFCbqQ_KUg,,,
WeEe0dOa,-gps5I5aJTYMGUfZYoe5Hg,,,
N6OknGox,yNEFQ4PmtBPD4DbB8-HNow,,,
v5oJ1j3B,6ID0p-_CDwv7Z9BWnuygrw,,,
wmo7MQEq,U1Gp0I2z05HhapwnE2_8xg,W5Ba-NZ4l_dPxunrjEcV_Q,,
0j3Laor6,QhdvYxyO33N-UG4sK2fgXQ,,,
geEVKJ3z,W97zhUCKL_OFEwplDwqMvg,,,
9JoPmqO8,wMn9zp-bBFfoS970LOLNHg,,,
6K3lPk3z,73st8cJMOhaHDX_Z1jDg8g,,,
V430RlOB,NId1VnhPqNUYamn4hzQn8Q,,,
WwOaXpoB,c4uwN5IdGAhSW5Ygkc__bw,,,
nkOvgaEB,-Y6LR472lNHGG9IBlG6U9A,,,
we39p5Ek,nFfX3_TTe0wzVxUGVTjdLA,,,
8gOqY0O2,-2DW8dE1S0eu48ZnfJeAGQ,,,
Y1EmpROw,cNCupHN8A7ldHTH1Ge6aYA,,,
8xExJeo0,StL7ctNldAmPWpwBGSOTHA,,,
eVOBBJOj,S1N9E2kA3lxYeg8ehgLbbQ,,,
XJ3rmpER,AJGeImJ-h_13fsfMonqnsA,,,
6K3lG5Ez,jUzu-saDvbaEP6sE3HhYcQ,,,
wmo79bEq,eGx9ifL1i4tvlkFO6RqgTA,,,
dj3d2KO9,Ms8KQYLifiFa4dqC920UeQ,,,
p038NDOm,6SK177Z46U_Vbq7SMsKzBQ,,,
6Wo2Nyo9,ClGSIJl4ucHOu-5CaOdXTQ,,,
VpoG0wOr,ccA66yxo0md4cEu-QZKF1Q,,,
we39lREk,py1UkzM_qMQ2McG4iMt63Q,,,
njoZGAOr,JJfRBKUSsWlcWEu3O5ZP2A,,,
0ZEDeW3D,wUvlMVqleiCJckRjDyVbHw,,,
8x3zMYEk,KudA4I2A6Fm-gUT3n4ruMw,,,
NbE1V83J,ymZZHLFfGAHGVEOzJFCz2Q,,,
WeEeDrOa,pl2DbpUIWRcQaR5M6LlsFA,,,
p038beOm,EAbPXPeiPRcnbByFnThgkQ,,,
wmo76P3q,89igCgyb0s1ue5A-m1m0XQ,,,
8xExKWO0,khumsDJL-XRK23LFl-xdMw,,,
geEV6kEz,VtPEFUXRfwjF2pz-IAWmCw,,,
p038JvOm,26icQIAvAOmDcbC_h8U_9g,,,
geEV1kOz,UMSwEeTTJF512vzQ3d1Zag,,,
8KoAL536,JujBVdGu66Ywp1HQeiXR6g,,,
8xExlyE0,72VT9KIsJ6ZJUo6wabbH5g,,,
rNo6KgO6,YhyyeCVHbaDidVw4JcM2ng,,,
1m3MAy3B,NuS9vKwkKOJKEZkN993XJw,,,
we39yR3k,RYSQqEVELsS6_jOxgdH6qA,,,
6Wo2y539,MiOurH3MHs6CwA6iOWehOQ,,,
1JEb0MoR,abGK-1ChpNRau-oYEL4ZeA,,,
rJoQ9loV,VeZJxTt0scI2OeKb2lWWCA,,,
XJ3rWYoR,i_eMPtjjg_2InJJV2BjUXA,oeq5bEqCM5DU3HyhrGhGUg,,
dj3dB5O9,Wpa78xesKNRWW_huS41CAQ,,,
8xExj9o0,y3dS8W-KK6BZ17vZVFEmFw,,,
1JEbN7ER,7PmOr9DbDVB9Zn8wvMfXkg,,,
6K3laKoz,ch7iBhK_PBtGF4uWSEd0aw,,,
1m3May3B,VfCfXURs8bLjhzIoesU73A,,,
Y1Emv93w,rMEfTzepRZucM_j7sFveKw,,,
ydEjM1OW,G5cZgcmTM0o_-6yeFvWCfA,,,
6VOpxbOL,9WXiNbVe0WeexWUMv1isrA,,,
0j3Lb6Or,HwYVMwDJ0V6hjgn-FqQiPg,,,
we39KlOk,ENJjz_9_CC_rad60dRBfLQ,,,
m0oWZP3G,Vrmm5Pxg4VAJolahPX2vIQ,,,
V430w7EB,SYC8uGo3evu0bfs8ma4hAQ,,,
7RO56XEq,cbP1EB_zA147En4lQMr_0g,,,
we39zlok,Dj1qzetm9ULJCKQpoCDKfg,,,
ydEjAeOW,VZItQqV-ye5PkgVDUiwBfw,,,
8gOqNrE2,Ri__aF98mVL161qLp8Tv-A,,,
lnORKGEN,LnBUaeCx73453ab-wXKdEQ,,,
KAoKNP3g,NCWIw9jzmYxtfEoPqUfbtg,,,
6K3l6vOz,ixMPsVRSFXfQzu2mTeExjg,,,
rJoQMAoV,EhBOBUBzytxD22fIz1piJg,,,
7RO5BWEq,fs_nJT7VeQsJK20bm2DeZw,,,
p0380A3m,g5bVVJBvNHj1yVSKu8o_jA,,,
6K3lp93z,8m263dN_TCgWN1f9qzH2mQ,,,
rJoQ1GoV,CyG_hN7zHomxZsKsF35pKw,,,
8gOqD4o2,fhaxO5_t488vEmwlESFjSQ,,,
eVOBbJOj,oFqVknI9HWgs6XxQGn-EzQ,,,
njoZqX3r,wCLP-7DwIGiVomuAGowNGg,TWZ4dON3T0rOA0Xtj0s3fA,,
dj3dqNo9,ZACOcmCM57C9os7dQ53FYw,,,
geEVQVOz,diQYvmIUEo0rFPNq_ts6Bw,,,
8x3z9LEk,1LTXWnp_EXvBtUkKhcBd0A,,,
wmo7AvEq,0ZmK2S5WjNSIT33Jdc9Xvg,,,
1JEbGQ3R,stl4GU9U3DfCyzmgiW5Heg,,,
8x3zgZok,UBC5el6SsBbAnw4tIRXrpQ,,,
p038g4Em,rfzGK0KfIsdJEqowQa3viw,,,
dj3dLK39,98GlGMAeS_1p7uiOoeqwzg,,,
m0oWkQoG,gBKqBFKv37RRS7Y_Cp1RBw,,,
1m3MgZOB,Z9UFyQKlsvN7ulIW5uKo9w,,,
p038pX3m,jpkgsvEgcgeTB-SRYNi_Ew,,,
rNo6e036,4TsWnE-sG_tsKjS43m-I9A,,,
6Wo2wYO9,I48VP7lrUToKaJGRiz-X5A,,,
p03824Om,4NOhHvSVPAj7_hsTZ-vcRw,,,
7RO5PNoq,clxMXfVlYfUKtvlnjJsLMw,,,
Y1EmjR3w,wYKrUo2kGzeDvpETiTMMSA,,,
6Wo2bYo9,dAzuKm3MLP1HOuSQMAXOrQ,,,
rNo6Ag36,TU0w46oN1e6Vsm0IA7TEsQ,fZMtFSskmBDiZ73y6Vlaag,,
6K3lJeOz,v4FOG5y8k9bMv2Ly0B2gzA,2RP-pDK7WG60cFu30jG49w,,
we39Nvok,LK-S-JXsIbGAeBoiXt0hIg,,,
njoZ4AEr,lUzAeXFILjnxNN1AhVersg,,,
6K3le8oz,1sTikFYBH0LGM_Zqd1ZVnw,,,
9JoPge38,LDaeQK6c3ktbBPmZydA_FQ,,,
ZBEnB2EY,hYltY6Yn7LvIEoeBG_ZOrw,,,
6K3l59oz,xrEw-9RSHFGYR0IrPj99yQ,,,
wmo7z93q,nrWDE7emExLDiE89oAabDw,,,
1m3MMn3B,KJBdbBzT5tFvpb0AoY-Q7A,,,
WeEexWOa,6uUDnY2D8idHoMiLFexpxQ,,,
m0oWVd3G,r7cLgMPYXO-MVjPJqrefLg,,,
p038dX3m,cEJqr0L230q2dXOhIt6DGg,,,
dj3dXL39,ckjFM984YvZkj8nvudq15Q,,,
8x3zx7Ok,belUUe_5ARDiNMAAvA-hFQ,,,
N6OkYX3x,BjOTuKqM90bPzNLp-rx-rw,,,
Y1EmLmOw,i8yPc6RfnfapDC5dIaxO9Q,,,
JBEyBW38,gBeX6TB8VgevHfQUo5SCdw,,,
xWoYB9OK,QAhKr9ICwggNpUfjB4VUGg,,,
NbE1q8EJ,bSz6mzaKvSRnVr1l9zszmQ,,,
6Wo2xYE9,9B8rHn5hdk1ybloRjvcMmw,,,
dj3dANo9,6E3e73_VbVG4biPBQvcnog,,,
7RO5jNEq,4CXhyAienxkRZpJR8EzOeA,,,
1JEbnwER,DPO8UQ2kHwTbRD9U1GlD7g,AOG7dLAoAygmJgldu6XouA,,
Pk3wyDOd,owMRTXFogvFZn8Ipi9DVug,,,
qN3gW13A,n8dyic5uTTMqPKLbcYf9LA,,,
1JEbqeOR,yEL5SRi_Wnbcu--Dc7EHPw,,,
p038keEm,h4w1_91nEC1TjPQdTuSPZg,,,
WwOaKB3B,0eLxW44s_uTo39z9p_ZL9A,,,
xWoY093K,0SjgUb9RF2y7ew33hc6Wkw,,,
KAoKRZ3g,LeQdmzwBaG7VnDlRbHKuyw,,,
6K3lj6Oz,zIsqb1cfRHobstaPFhoKFA,,,
dj3deXo9,leMVneUc1pjKLFuQagq1dQ,,,
6VOpzQ3L,Vm_b0_Odua0PTNpojS-uPQ,,,
p038BDOm,Xa2CxXPUld8NvsbPcrbO6Q,,,
lnOR4q3N,jn0YJy1c1aSOfH4QA7qJaw,H9E_CRXyhnI_6QvnqMBbIQ,,
dj3d1Xo9,JENjTUvaYmuxyKR6E8Pr6w,,,
B1oXNdEV,56aPTQJqgc3DosFQKoN33A,,,
1m3MdZEB,6dP9bgyQ6f7KzhAeLS-rlA,,,
eVOBeeoj,0LmVS_w6lGjSAg5HantnPg,,,
9JoPyeO8,aHVNAy5KWHZmaTDlYjn1vw,,,
Y1Emwnow,kznX2rZvohVVOPgSC4bQgw,,,
B1oXvlEV,AeVn-khkKu4jRZZDOmD9AA,,,
p038VvOm,TyazmhDw1bCuaxGheZ2Q9Q,,,
lnORxV3N,tVjq7EJsS8QfzB49hG0wvw,,,
we39xNEk,LOTkX6ewQaJ-ibND5sEFuA,,,
geEVMJOz,4Us3W-d7ivdW4JKitjsuAQ,,,
njoZNBor,T7PyuqEWrC5S3xmkjfpXAA,,,
8xExP9E0,jYzuIjpnQfh0yOP15oDfjw,,,
Y1Emq9Ew,5HaZ9Ge-nhPS25jZ4f01WQ,,,
6VOpqqEL,SB13LRfcd0yYg1UwQaw0Zw,,,
VpoGJQ3r,uNYFjh6TiJm7cIfwwZQ9YQ,,,
dj3dP739,bTyLAmzTzjjPQmwDFcjtug,thdwVfKMf0V7qNR677envg,,
6Wo2ngo9,qenTgcDmv8EtvuerVIGc-A,,,
JBEy8aO8,sMrgQD2dYrvbe6VoZubSCg,,,
eVOBMwoj,ryx0GX1zAnmOq_4xFwIbkw,,,
ZBEnbpEY,VSitWuLlGrx1Gy1VMs1xBA,,,
Pk3w8Vod,MCZSt5R9SPDPpfSKoPKoBw,,,
we39V5ok,xRR3iY69e8ZPkRPRFYYrqQ,,,
Y1EmdlOw,uOOZQplYyZrXxX__0N-QGg,,,
0ZEDL8ED,YEDNBMvMVBhue1pLWPAVOg,,,
we39wNOk,YX0M8bxlGK2IYMWLfo9kCA,,,
8x3z8bOk,IcJZQoouWR6-AeDI3JpnMw,,,
WeEe8aOa,YJHFaiKPJ6kL3E1iXWLOvg,,,
N6OkJqox,URfoz2Srr7_R3THMui7qQA,,,
p0386AOm,VPDPSyhHs7RVfVp81bltpw,,,
1JEbKN3R,GAdqjmUmn_ibbfvo0wArIQ,,,
p038n4Om,OsAKuQDNRM4PCya-0DSMqA,,,
9JoPLvo8,tdFnPWZwx30f_EvyehKGzw,,,
v5oJlBEB,3eGuOcMQSPBoKruV7wUrIA,,,
rNo6Qa36,EPfBdEh4XY7JFD47u3cSAA,,,
p0384A3m,LVVLHnAI1ioQuL-3wsVkGA,,,
wmo7ePEq,-txjW5YdAoOPKRphqZiUaQ,,,
VpoGKvor,0D-eN8XIcbz_A3VS2-hS5Q,,,
wmo7R93q,UAxORxcDQqKoPKlSfUASKA,,,
m0oWz13G,4oeoDUPJP1J_1Ldtq-WSDw,,,
dj3dGjE9,0dCSXxrPL52684W1cyDuKQ,mYlMDXBdYYcuAJlfsTL_Cg,,
we39eD3k,dxaORYbZixulH4ItIDuxog,,,
WeEe6W3a,ajyO-rTvCsVxBUYusuIdqw,,,
V430M7oB,ZLLxaLilklmIckPc49T9Sg,,,
WeEe2m3a,W3Lfq_Cmqetp1f1AeupM9w,,,
xWoYbaOK,1ucffnrUuwT0fh-B5ZjJWA,,,
JGoNP6EL,MOcHiAoNyDZIEs43b_hkKg,,,
v5oJKbOB,a7wpaaC67HU44z5CN2mG4A,,,
wmo7QQEq,OZfUvKIE7tfi8tM1aT9PXA,,,
WwOaJNEB,JnOTD9O60gA__8uy5fWldg,,,
ydEjLgoW,ma3qnMCue965_UI-56O4Pw,,,
Pk3wRqEd,t0w6pqAna2Duw9jgetbbtA,,,
VpoGVP3r,Wa3GH8SXo-V8F_yJ_-Coyg,,,
7RO5NdEq,0UGyyAjJ967WAo75JGl3mA,,,
6Wo28wE9,zoyBSoyaS8lVsnwbBtggOQ,,,
v5oJaA3B,HnBar6T9myN3VM0GIyOJsw,,,
8KoA4536,HIL2lSB_j3r_B10O-1ErJA,,,
1JEb713R,mbN47gMqwWtFFuD2uoAX7g,,,
N6OkXmEx,-DN8tlDXWvtrynbfDuSRsQ,,,
v5oJroBL,CZ5b18DCBf0iB6lUKYXJFw,,,
v5oJmd3B,0y2-3Cuw6MQQmr5qZ5_Iqw,,,
6Wo2K6O9,nig5Ns8AEq0CdzTCdJnUhQ,,,
we39MR3k,jCoRGgjp_L7MSeRK4kUBqw,,,
7RO5JrEq,MuoWv7cZg_1AruPH5gFRBg,,,
geEVaVOz,luicBR7G1s9lnT69IQNQwg,,,
qN3gAYOA,NHducBCtF5qnAUxj-EcZzQ,,,
VpoGawEr,NDRh7_J4si7Rf2lyAM-Lyg,,,
JGoNQg3L,9A-kbuo1wtnORa7ExpyftA,,,
v5oJMA3B,wfR41dBsg0HKQcK_ZtxxqA,,,
Y1Em7Wow,cd2v1ZtxFdmF4jZOaI2Psg,,,
JGoNa83L,_bubMp8wgz8k7VDqBrWZsQ,,,
v5oJJJoB,pgVmkWiE25H7gLpbcHL48w,,,
ekE44YE2,KQxLB5FJFae7-u_ghxcUzw,,,
0ZEDglOD,4g8XeSIRVx5r3lFg6ZSxMA,,,
8xExAW30,lqo-W8uVORjQTlMVKu5ESQ,,,
lnORpe3N,AoUzIG7OSmon93v17f9pXg,,,
JBEyamE8,8Bfxzp_yJ82ytJXDBy0dVA,,,
dj3dGgE9,Bfa-1AAWNjglTCAFyx3nmA,,,
eVOBGeEj,Cwv4bec_2BomMIzajSoO7Q,,,
geEV8zoz,1VbhklhCuIdRDNKPQij6ZA,,,
geEVldoz,0vIFY6Fpk3tvAO9yeGuA8A,,,
6VOpmmEL,E7a1xGrudy9sPuCL2yNz8Q,,,
6VOpJd3L,K3Lp03fdjx-2zUKX74jDkw,,,
7RO5jEqb,1IjQFx0mt681qCxn9b5m9Q,,,
XJ3r4qOR,dnBnK_PrkuJZNam8h3mAdQ,,,
8x3zrY3k,I4Sm9AQlzjHUQKSABKX1oA,,,
qN3gVgEA,lqdO2r_Grja5bAqc1mNdVA,,,
eVOBjkOj,_JV6MA9fOXZnmTWS249-lA,,,
8gOqke32,uxPBwJMsb4XhWD8Mv0_9zg,7SRdt81e5Z9iaZG3Q5NK6Q,,
ydEjXDoW,JsnSZplFB-jeccoBZu6J8g,,,
dj3d6rO9,Kv5rm54HMssM_XgaQtyEuQ,,,
8x3zdNOk,jhYbLhs9A80Ac1-H08oOmA,,,
JGoNDkEL,d_NuE3iC42_9OnJ0-Anhrg,,,
njoZ6vor,mRZcXZEzZXauGGy5QGk1Lw,,,
JGoNNaoL,rm21iIE0pUXxLdX2aL2eMQ,,,
Pk3wYwOd,iAh_8d_w6TSJq7jjnZCpgg,,,
6VOpy5EL,mS7WBAfmCgILqSmQtgZ1NQ,,,
xWoYgdEK,zd3ev8_ny7jUBLPXTFva6A,,,
we39JDok,CJC4DYEAlCbE0BaqZONLvw,,,
Pk3wjxEd,P2AjS7UQpQoSdf5xdCYwtA,,,
ydEjP1oW,jpqM6n6uTHikwnrI-s_nWg,,,
we39gROk,gx4YotASzaUwqJX7jpNSSg,,,
qN3gjQEA,1Wo383bQaaAb4K-4KVF47A,,,
Pk3wnaEd,-Xjordyu-qdb097aNciedg,,,
1m3MyD3B,Lo6bxJHRzNPwc4W3LC61mQ,,,
wmo7nP3q,ype2MD4FmCUnZNOBrbc2gA,,,
ekE4L0E2,1nGZUwxV0DTJRTixlq157Q,,,
N6OkxvEx,hX6JXuGViy_OpMVm_RLuYg,,,
lnOReVoN,lXH1eelqoZFNM3P6z7y_fQ,,,
p038eeom,McUuCYkGVLKaaYBM7MoZHQ,,,
ydEjW23W,Fz6dp2icegHtiWH3GRFkIQ,,,
WwOaAnOB,LeUPTNMdwVJX6BgU2wFylw,,,
ZBEnVZEY,8v85BnGbBjX6O8r4PZ5yGA,,,
N6OkppEx,WAaPZQRKe_tLhz-lDke23A,,,
KAoKjd3g,wNY3yauZisKkLlsnm8I87w,,,
eVOBxw3j,2l9IwH0IlnYEDsE7RyDcww,,,
ekE4zo2Q,VAmFnJ3vQ8-Kuq0IFt_lcQ,,,
1m3MxLEB,xKkck-iopgF4xh2hxuQjfg,,,
lnORYqoN,LhXvBAEjbawCS0--8FmgJQ,,,
m0oWelEG,By5OG5IXs8roHESNUghEFw,,,
B1oXl1oV,EZZ2Igl2IOdV3B1oBtMFhg,,,
B1oXWY3V,D0jzt31IrnOgo6d9HcI2Ig,,,
WwOadoBM,geaiKIUhn3awGi1sp6HsmA,,,
lnORnVON,rjydSQZz6veQe7DE78ndCg,,,
qN3gb2EA,CEPfq7aFVrlq2-FpoJk-Rg,,,
8KoAg4E6,gTY_0MAdk_D9in8eQ9UN9w,,,
WwOakY3B,kF6PpgHNjq-1iWx9pxbk6Q,,,
0j3LjLOr,QS6utEGx_dk4HeN3egYaZg,,,
rJoQj0OV,nZYQd7OwG1eC1V18UzM-hA,,,
6K3l95oz,2y8rjGBcWC0QuisW8ik8Rw,,,
WwOaewOB,3i-MJtKgMqtL5iw3IdViag,,,
JBEyqmE8,LiQpB5YxdRArEcE2VVuc9g,,,
Y1EmY7Ew,_4ALKwKMpahkROEI6aeX5A,,,
njoZBYor,WGjzbVeGMz3D7LtVaoIk6g,,,
njoZJbor,7FGuuVAm7_XYrvJsWR3UHA,,,
9JoP2qE8,ZF0DHNJejPks8eUJB6GKtQ,,,
0ZEDBxoD,CFjqxgIE6MJRR1KuCRsTEg,ag1fnnEmc2yernTW2ur2eg,,
ekE4WLO2,iviRIv9trIc3wrjWGNI9nA,,,
m0oWlJOG,qkamIpNwamA243AisifH7A,,,
Pk3we2Od,_1_rcT2RLMRhAWcGqJpaKg,,,
8x3zkLok,XXoWCKrtADrFfr1MoWl2dg,,,
WeEen63a,BzfZhk0bNsxlvePK_cI6-w,,,
8gOq8no2,6AcCQgMHUXqPzFLiSPD9GQ,,,
8x3zQZEk,fr2rdXAXq9NnAphpbPNELA,,,
ydEjmVOW,rwqRkZA_BKGfBeXpDlFv1Q,,,
geEVge3z,xLL45CNin1u5KJDxu74a6A,,,
njoZrvor,uu47xfr3aaCwE_895KHf1g,,,
ZBEnpYoY,87p5WqH0EpEGronbEE3GaA,,,
VpoG2P3r,6mpkBdKIAtlF3dU0ypHzZA,,,
p0389Dom,NjBjAYLPy8Msv6obCnBRmQ,,,
VpoG8vOr,tytCXbDsI5oCzAIiXSBUjA,,,
8gOqw432,3TYwFeQYzRVBecTKuy4KQw,,,
njoZAb3r,sGmZLJflIdU8_U4GRNXucQ,,,
dj3d57o9,KbtYDp1F1zP7cpj8RWNRqA,,,
8xEx1730,jAjZ6CXLrXW30zXM3ZEjhg,,,
ydEj99OW,1TlReKO-_ArpQKfNll7dcg,,,
rNo6G0O6,XDF6B4-JRaDHNpZMeBglNA,,,
ZBEnraEY,nxO9wszgHgeGSsovau8qaA,,,
eVOBQMoj,gIWhp1kTbJ7qzWg3de16bg,,,
ZBEn2WEY,LY9LXx9KkHZaLfVllJJOnQ,,,
p038KvEm,FoMKBYFlvXyfCCCrA6PiTg,,,
xWoYlA3K,fmo3olCTOvxItjtdqZJMcQ,,,
VpoG9QEr,drZN6sfk9eGmyYon0PgfRA,,,
v5oJ9J3B,HQcUUv1qQvcW5w9LDqLZ2Q,,,
WeEeKaoa,QmPdjcEIWNG5WwxCOvHhhA,,,
7RO5wd3q,GXxw6_0lf6LnzOq74a_f6Q,,,
ekE4mN32,9BWzcoVUZYTEsWN90SYM2A,,,
0ZEDwlOD,zWdvAAqxbFSJh0lSBRM2qA,,,
KAoKpKOg,oMoP5SxJX9A1aAwHo6_rAQ,,,
1m3M69oB,C_a6h-YdYPFDAX_3YJUTIA,,,
6Wo2MV39,T-igaYma0IwoNWB4AROaCw,,,
p038Pz3m,Gs5dgjnT1-xnLRs8p9kOdg,,,
XJ3r0YOR,-e1hToXSgHdoXfXl7PqvDg,,,
N6OkgKOx,KWBo7qtga_eZ4advqIv1Yg,_GknwthGTHxIH_wVCnAI6w,,
1m3MzLoB,tTP2NWh0Gv3SfWp_DYCNVQ,,,
1JEb9mOR,c7-ectZHN0cyInSsftDpYw,,,
m0oWvJ3G,328ogYgCXtrHhtyxwq5o0g,,,
v5oJk7OB,6MYpPIYrEuGTDCJTDzS3pg,,,
0j3Llq3r,CKbW0-t452J6eQ92f2QSXw,,,
Y1EmK7ow,o7WxshNwT5EQ2xquAnF05A,,,
6K3l1xoz,CLHTy0v9l_qnJlGQiIvwAQ,,,
p0389Gom,M-QS0O8IPQXLZS593XhMiQ,,,
JBEyR138,IjMVt0Uw74WHJ-kAyx53ng,,,
B1oXwN3V,fTOw39zSj2XTHdJ6A9eZvA,,,
we39Qr3k,OGKLXrEryD03CmB207_N4Q,,,
qN3g0goA,-5ieYfS-fjUyK93b6Vbv-Q,,,
XJ3rz83R,s4zJJMh2l7AHwmi5EPfU2g,,,
B1oX66EV,lDMs3Mfp45sSmiO0AluEaQ,,,
we39JNok,DG9pVbQO1rBe2t-822C_Lw,,,
eVOBnpOj,xsqefHZWztQMX1FAWdqpcQ,,,
B1oXw63V,fgCoS_bsOMQjiJLGHiTcjQ,,,
m0oWqlEG,mykDeTaLr8rpie794bX_6A,,,
JBEyp1O8,pIhAuty_qsf267mJ31iF0A,,,
0j3LkDEr,0WwF0kq44VCLidPWwSP-1w,,,
6VOpAQEL,O5_-ft9qddWju4Rw8I_GDQ,,,
v5oJz1oB,_fxbf-s2ZiP3zBUfDD3QHw,,,
6K3lz9Oz,opoQ-P6kHU2OA_olOC0N7Q,,,
9JoPv5E8,DycI3MwjvnMYdSyWEjxdnw,,,
ZBEn5vOY,oD_A8YwmWY-lLf60zGFaTA,,,
7RO5YrOq,gOTfQAb_vzpjMVdubAlPag,,,
m0oWyPEG,FD5_4iNhSZ5SYVPG_9LL7g,,,
VpoGArEr,ArgDd-GireISWWoMuI8-0g,,,
Y1Em1GEw,6JjZD55KtJbON2X5arTBLg,,,
geEVRzEz,0ugtTdUzPAevQMwmevEA6w,,,
p038ZvOm,TjobeliPac51a_mBurCpqg,,,
dj3dBLO9,HIXW3yF1ZTX-Mw4XSirQTQ,,,
0ZEDpRED,z6O3xJWiZhBYF2xWrGAfYA,uN56bAp9_eRRum6JH6sEJQ,,
8x3z2Z3k,7mYMIDf6nXTlJL-Y9RU7cg,,,
JBEymJE8,q2KiLkAz5pEH1hZeoSADoQ,,,
6Wo2jwo9,Ya67rkFqA2RRs1Yrg3k1FQ,,,
1JEbbJER,gWykrb8vFoqEdbl3imsZ-g,,,
0ZEDqR3D,LJVn1GVW5uk954OEieUm9Q,,,
ekE4grO2,6qHthqBdH0bGnVVCDWgm6w,,,
1m3MlLEB,tSLzTbElXQ2izQrL_06T7w,,,
JBEyj138,u7iukmPhSUCXvb8m_7q6IQ,,,
VpoGjQ3r,lvQxem770fCSiow7tCsj0w,,,
ekE4N0o2,QtJpHM3jB0tw61-pp9J-Xw,,,
6Wo2W8O9,j0UacgS3XTm7hyLBsxUv1w,,,
xWoYpd3K,hlQ_K1Xxl4nIZtJkAgsJcA,,,
8gOqj5E2,KQmfIjuFASdZriyUEIg-QA,,,
ydEjldoW,ydp3VxbbWYXBoG-lVPqqrg,,,
ZBEn4ZoY,pt3IX9YyikPsnBqPxL5etg,,,
nkOvZZOB,CwVaYZzY_yxgLzuXovlhUA,,,
9JoPV5E8,kBxWz8bQLF293PxYMwd5DA,,,
NbE1QmEJ,ulfEO0dS8XjZGN6kP0mlzg,,,
7RO5pnoq,5Vyc7V3xNv_z5fyk5KF0Qg,,,
8xExMJ30,b0awxRphYVP2Hj0IRJIiCQ,,,
VpoGPPOr,s9QfbcJnTeHb0H2V7CIqxA,,,
6K3l8K3z,wnz7YZKkczZVP-z_X0tm5g,,,
qN3gNgEA,wfbTZGw1bO_UKkn7V02WsA,,,
8x3z1NEk,8Np6L_-hOiJQzTh7GAWzvw,MGp8f_l3OJolDeCHl41G1w,,
KAoK16Eg,g9wJxsWK41Q-8Kz7-UlpJg,,,
1m3MJDoB,nqN4ARbjTQbtGDyNP5F7vQ,,,
m0oWBg3G,Hdu-coBgv8GTw4VFiSUCJg,,,
JGoNk8OL,qlnSRWk_s_G8vTSQxNJHnA,,,
Pk3waKOd,LsfsTh-xqUvKjFNp1i6zkg,,,
7RO5QnOq,hn4OTaNgoY4Qg9-K2_S0Pw,,,
v5oJ7AOB,YaBk55sk1Ra_v_21EsveJQ,,,
XJ3rGJoR,18JxcE3DarQ4kTW264A_nQ,,,
p03868Om,sD2coiH0oQ4YBu5nOCAEhw,,,
qN3gJ2EA,CD3SPV3sWoUyCbEuQSufBQ,,,
6K3lKeEz,c7Re39vqxDM0IyZxADKziw,,,
geEVVdEz,kCtKWAxTLox1KO7btpgbDQ,,,
JGoNYa3L,CQyKNvYkRe1dP2sLot3PKg,,,
xWoYGMEK,7edNNM07UF2m2MDUu-ok9w,,,
7RO5RBEq,9K8Ku7jlFDSWgpr08uRFTA,,,
N6OkwgOx,EnZAwzChuQlKdINeEYnRPQ,,,
6K3lGgEz,4i7H2tz_6-oitoT_rKOhMQ,,,
lnORRnON,K5hiL1BPhw72K3v_MaYodw,,,
VpoGBA3r,PNMY69ox716miWqDbJV9kg,,,
Y1Em1lEw,wOFDx80Wk-rygWVyVWB8Eg,,,
6K3lwvEz,lf1Pqo5puGX5SxU3bg389g,,,
njoZ2Aor,_uUQKa_9YY6w3df6PSt3vA,,,
WwOaZpEB,piuzhx2lXsY8gHAJD8BDXg,,,
6K3lb8Oz,jpyHwR-mPWPYYLQcy6GKHw,,,
ydEja1OW,URZKBn3NWOEKagmKMnMz_Q,,,
qN3ga0OA,gPZTaMVl7pXlQrOapqKF2g,,,
1m3Ml9EB,T-dphsumixQUFY3XFuoDLw,,,
Y1EmZ93w,pvFPFqiabQDwOifpu8KVhg,,,
rJoQJLOV,pWd61kOiDN_yNT5I045Fqw,,,
dj3dX539,gC2I6DmjFFC72vCtiwK-Lw,,,
geEVeBOz,jA4lcq72B8ZeRBpmOyxSwA,,,
v5oJA83B,r35lmUyGq8hbQftMXYQNqg,pT5js1IihrEHupOBToJAIw,,
nkOv473B,7mSrfp2LZvZoWBDZ-JUc8Q,,,
8KoAVQO6,da1THfnv_dyeJ70HcOaxZQ,,,
ekE49L32,rhf9bxO6kqJmnM9MdWPZvw,,,
8x3zpNOk,v0L11_o6575jw7mIiLBUsw,,,
rJoQpa3V,fYDMYGZ34LLDeK7KH-J_OA,,,
dj3dZ7O9,X9WNvsB0GV8WIWW1xaFnug,,,
8KoAN6O6,n8CsQy7Iy1IMhP85hPVKPA,,,
6K3l4x3z,kiTwpc6b-3tmHdOIlSDkkw,,,
JGoN6YoL,zWbCs5KyzuJjtCg-foIaKw,,,
ydEjZ2EW,fyhA8wd01lTgHR4OscNEDA,,,
8gOqpro2,9NcnRR8zb612h1EFmlGXlw,,,
eVOBL3jr,7L4nyg4fGloeqMXCq0996g,,,
ZBEn7W3Y,duki4_P7a29yjhnX0SpJ-w,,,
ekE476O2,eBhOMstBTgGvJak8amU91g,HQ3myq3lZ85d7JDz-MSghA,,
v5oJrboB,mKttYTyShpPVJiWxL33Cbw,,,
JGoNgyOL,gw9STmkdgft5jd35tbrPxg,x2PM4Sta3gAoD7zPU5rb6Q,lzw-5o3CjFk-HSmH8SHtYQ,
0j3L9xor,1DcEoBy2QOs_wjURnqPktA,,,
Pk3wMKOd,nf9zYm8twZXutF-PB8QNHQ,,,
wmo7d2Oq,U1U3DuvLbbhsezWZGZIWQA,,,
1JEbXYoR,a_dibm1TRGhWvEY6TML15w,,,
XJ3rqqER,-kVmCsQPQopbrIE_vUaU_Q,,,
rNo6n6o6,OHznMGNdOI8WNI4ZdmkbEw,,,
8gOqn0E2,ZRBEG_p4q2BSb25TCSOj6Q,,,
JGoNVBoL,iEnw7P7Ri2gzYvgHaVGarQ,,,
ekE4jGo2,eUXdNl0fDY0eiVfaw2oh5A,,,
1m3MZYoB,jsY-Al2zy-u5HrouSAvibQ,,,
9JoPdvo8,peX1kOAiS_NYxmFYdJeztg,,,
p038zzOm,sDma1QYbR3lwsVkM_byqyA,,,
nkOvRxOB,cczIQtKAsE4umPMBJm1uAA,,,
XJ3rXbOR,PkGusZXzaZkZLTbFrdrJ5g,,,
NbE1PkOJ,AUG7Vcgu6Rvtqv-ZMp0fKA,,,
6VOp2B3L,qNqgaVZG0_KJqH8kDWzD5w,,,
0j3LRMOr,IH1I9T_h7ynAMch9eXFNmQ,,,
p038p43m,wJQZR1c8RFzleXcsMqbwtA,,,
KAoK8ZOg,MiJtz5-WE2vd4f-tWoUKbQ,,,
JGoNkOL2,HFka_ZRULESNykY8cr_3Qw,,,
NbE12N3J,JD0nDtLucfhkb1C3xGDl9A,,,
8xExm730,ctTLR0OTJaRmjwvrMIU4Bw,,,
dj3dR5O9,QGjt4QMk1cFH7Q_0iHy43A,,,
KAoKxdOg,8lcFf9xpZJDJ6gprLpZUVA,,,
V430PA3B,5qtQ5sR69gbFWn5zMNI16g,,,
9JoPkZ38,mFwIsaKcgaF4i7gK9TzPMw,,,
eVOBda3j,wHKOzbn4ut-RLpj15PeH9w,,,
v5oJjyoB,uH4FsF2-lx5h7u_sQRRzCw,,,
wmo7nd3q,D0KwgcL9IXDbmFAl4WcoEw,,,
NbE1vJ3J,ebsnbpIuQAExpGRqNGB_TA,,,
VpoGldOr,dJpEGt4Q5yp80roc6e-T8g,,,
1m3MqD3B,rbwbKuVQ8brZ8uRWNCKcVA,,,
6K3lRkOz,yxYH8HmnWLmj2KS8PoGepA,,,
dj3d7aE9,K4DphkXQH3WKdOPW-NtyMA,,,
8x3zzR3k,39WkQGdNFihEzGG6jB9yXg,,,
we39Qv3k,AVQ6w5CN-MkrJR5uzV2Frg,,,
nkOvGMEB,8x5vbiCoHczcAvZyKSgP_Q,,,
B1oXK63V,vCIGsi10WCod3k7q8arXUw,,,
WwOaB0EB,gG_xkaDNNf2WkXtNdb1HHA,,,
dj3dr7O9,ipoA0DYacS1gdtrmX5Y3Sg,,,
KAoKLjOg,kOi5uJyXjQpRr53ll1-W1g,,,
7RO59BOq,CwkbM0mm-42b2QlngkeoZQ,,,
dj3dNLO9,6NdCv7cFeyGBwlt7HeG4bQ,,,
NbE18OJ2,mpZwecxIVSEroGOBRzs03w,,,
6VOp9aEL,2FERaNNZ6pWI9j6xmEjsJw,,,
Y1Em57Ew,-lihzo94JzqEZH657M5Z2Q,,,
m0oWGwoG,zkVvHgn_dLB9H5CrwKDHFA,,,
0j3LNaOr,BnQGzViUKZ3R9gOmgZ2SMQ,,,
6Wo2XwE9,PNMsKqQ_6s3KxkwXSBo32w,,,
0j3LmZor,S0aKTXFtupXz-Qz_kkm8lw,,,
8xExZeo0,MTE7Q348eiZLlWBZ0QPLZg,,,
wmo7W2oq,jUiB_uZudoxLA_PdqWKeow,,,
v5oJWyOB,cpprldLwnZBNqBVxh9F43A,,,
nkOv58oB,motb5qtyxMdf3Us2bCMKxg,,,
p038GaEm,Bc4ZKqBsVCFbkBGEL3bdBA,,,
6VOpRj3L,Qv3tOOQENEYNz6yW4yDkDg,,,
XJ3r8JOR,61TG7OLi4LPQlc90UeygrA,,,
NbE1zP3J,7sFcxaqbZOSAzH0yoFN82A,,,
8x3zeREk,DzY_DTU_4R-aecvfCs-Q2g,,,
nkOveLoB,y_YeIHQvxijaiWIyAdlUMw,,,
XJ3r2Q3R,a-liz_Iq3H5S59d401WBgQ,,,
geEVkv3z,VVoX-d2xPmlgNDkqXSZpOQ,,,
Y1EmzA3w,G3qC1ZqmG9AXttR7EhpHjg,,,
WeEevd3a,0dzJ2ySpv8WJvo9BZN1Gww,,,
nkOvWxEB,ZeCkOSciUFtpygxfgsl1Kw,,,
KAoKJK3g,N-iHTQLZwsgYv2gqWsr-yA,,,
0j3Lxq3r,wbIT9aCZl6EhNeaApWfGnQ,,,
dj3dkXE9,VC4pzaVLwyZDIloWU1Qn7Q,,,
m0oWdROG,4qyEKOiGwdL0KLtruwxZgw,,,
njoZVDor,JzY4UCDSdCd3DMIpJ9sHtg,,,
we39ZAok,pTEiPUn_kzKOKvmTv0HVUw,,,
rJoQQvoV,mA_qHLy_P44oG-0eJJ0hiQ,,,
v5oJZ8oB,KsZYQZscaSR9NCBHxwr_sA,,,
8KoAl436,58dpJYfKY8B-k727deh70A,,,
9JoPwj38,fkbNRwopmRaVyz3XhRRqPQ,,,
njoZZBor,5qThetpg3Lx26amBiXUFHg,,,
nkOvPX3B,dwSis21PV3KX3NI5zZZRMw,,,
ZBEnRaEY,wFZ5e64vBqiYo36wAD7V3w,,,
8KoA76E6,-Y2J9BERW9fgHyH3oiaLXQ,,,
geEVz5Ez,zdTgqcFWiQqYrlHA2suK8g,,,
m0oWJl3G,V_dC05zzn5qtUiGVZJJe0w,,,
lnORmdoN,n_O2vZVO8mSWa0eg9iYWDg,,,
JBEyDVO8,gAElJzHaHioi5pkBUlXm-Q,,,
lnORDD3N,K1XHQ1E2VMh5JYh9VeUGZw,,,
NbE1yJEJ,5WD5TlUG4kOO3TDRb9FGMw,,,
NbE1jm3J,kJQ0f4ildGZ1IfV9s0WL6Q,,,
ekE4Az32,ApJykNr0XmUYAI_ajAghDQ,,,
KAoKY6Eg,wkPAcEwy6BIpZ5sWcD9kEQ,,,
Y1EmX9Ow,gALpeASLiFsziYmiYTS8vg,,,
rJoQyvoV,ddiN1Nhd0p2AXeXHFZW9-A,,,
NbE19kEJ,WbV2Mpf-fsElS8q2jMYGYg,,,
rNo6NKo6,ULWsgRyYEgxFKaj_zsaUQA,,,
8x3z2Y3k,a3kLXwhL6zkrhJ7cvVdp7Q,,,
wmo7lROq,SZK4eiC8We9CwJnckvunww,,,
8gOqq1O2,Jot9pdF1qvE2eWio3fMndw,,,
NbE1rN3J,9l-oBIdFxTmmG3N3lRm9Kw,,,
rJoQLG3V,m1prTXwpdFRWSjmZjtir4g,,,
JGoN4YEL,u2GLLnvOylWOm5_ba8Vt6w,,,
qN3grzEA,e9D71OcCdyAEfsM9UUt5sw,,,
KAoKQZEg,0xvkZACuX_A2AxuT0ogoiQ,,,
8x3z6Y3k,cGW9ozva0PMGlIBX5nGd1A,,,
0j3LMDor,XVEoI_bylN1kpcfpZIuPpA,,,
lnORdd3N,Ok12c5f-yCfZlTjEzaQEWQ,,,
dj3d0r39,BDvK3Z8kOVmyas5p_PrSEg,,,
N6OkZgox,Y1GOJFwTqgzvyEWn94tm_w,,,
wmo7a9Eq,9Kk1hcu8DJHOnUvYpxz42g,,,
B1oXMDOV,YWjwL5WtUKK7-KsWBCSxmA,,,
rJoQeAoV,jJcz9o96KKMQZ3Y1fkkVtw,,,
1m3M1D3B,2NIljVaGuYAVqVL4exbpsg,,,
njoZeb3r,Ljbj5iFTxWqNlza8obr-lQ,,,
xWoY2jOK,XzoBM_4S8SuRZIlbK4iM2A,,,
p038lg3m,BC_Vta1dTN3uyaoOZFNfwQ,,,
xWoYRrOK,iLs-dyO-eKR00UuPs24U1g,,,
qN3gw03A,IDDr3S86YzirAzHIbwCAQw,,,
1m3MmD3B,hFIy3yBzhQG522WLP5Lydg,,,
Pk3w12Od,DcG1UsUp6CyrWht4hRf8Hg,,,
0ZEDQG3D,NyATJiuJdY10zcnL89x7hQ,,,
Pk3w2qEd,Jn4AdaLDmXwpEundLuBrDg,,,
XJ3rgRoR,iDnJabB5LeYpjRzralxWVA,,,
JBEyzV38,tTgv5WXJixL0Wiiwajb9AQ,,,
v5oJ2JoB,v5Gmy1xXDzkPyvyrR-_Cgw,,,
eVOB5Loj,e6Ha7GRWIug6pKEQVEtPJA,,,
6Wo2P8E9,-DjtI8wyS83kkwwuPqKBpg,,,
geEV7V3z,JQ20SEk7zxRD66DxLNp4RQ,V6TQmB1S4UWl3S49w2l3OA,,
rJoQA9oV,lQd-jgg81pqpvOvtyfGCbg,,,
XJ3rZZ3R,1C7d75slQFzLD6c3t6X2MA,,,
WeEe4MOa,WWZ3EmOA4mkhrPkCvH6Ylg,,,
WwOaPzoB,hhlRoXIfDxuPsRxwpYr_WQ,,,
we39Rvok,IAqLUvN5Z51StWA6kMRhbw,,,
rJoQGvEV,CHbUJhRrN1ub2TsxM0bk3w,,,
6VOp8lOL,ZTE0lCd-uWQmai6Fmb1bcA,,,
8x3zXLOk,Yr6MfRcRD4TRzt2i1wzDRA,,,
8gOqVrE2,4dnWjKCoJO8i7fLo5SHx2w,,,
N6Okyp3x,26hwmO71xQ7cvMqaVL_Yzg,,,
1m3MXYEB,mBaXdnKctIPuGMvV6e6TmQ,ugkfexVnB5SiX47xX6zA1g,,
ydEjeeOW,nYBrrU9LVLTUhZP1SDc1Bg,,,
rJoQ6WOV,8cb-OZt_6qlRZ_w6OpwjwQ,,,
8x3zWRok,uHQP7DdshtLLp7Y2_fxNFw,,,
6Wo2r6o9,t9FBLg4NlpWsrY_RTb-sVw,,,
6Wo2Jwo9,hNI-F08R8RclvVl9kxBLTQ,,,
ekE4K6O2,ZHldCmRAqquEHpTvaPjEBA,,,
1m3MB6oB,VlPH-xjx-71fyiyqUWr9UQ,FHT2xmNFrUU9WQszWhpCpw,,
6VOpNb3L,yqVlYS2DkUEEpoH31CUc5Q,,,
ZBEn1KOY,9gSdXB25LMDOiuRZQChQQA,,,
geEV1YOz,Z1k2wEK6eo33g9iXqZgbdg,,,
njoZX1Er,DsElinWYUNY_gMkqs0VijA,,,
6VOprd3L,32ku0SbsU751U-BryExoiw,,,
Pk3w9DOd,keyG2tM_nPXxK3sXRhaTTA,,,
JBEyyJE8,Vrm_s01VdNjqsBXpqTwp5w,,,
B1oXQOVX,Smt3mK--STiLpY9Fz81LwQ,,,
p038ADom,No94qf4DJa8FxRiCxauOFw,,,
8KoAKeE6,EH1fEgcMUU7LnEEr5-ngog,,,
wmo7ldOq,TTBNnwPj2t_H6cqphx46EQ,,,
B1oXaYOV,_R6dKTZ0Qh4KvGaXfUquzg,,,
p038aDom,7wGeC1Vx1_G2n-m2kzdVJw,,,
Y1EmAWEw,afzf__m7yxxqEcSaAco67g,,,
WwOaLVoB,h8NKnLBYzFrASbmydbJEDA,,,
N6OkmQ3x,aM5prk3lBL6MY8iyLQYS6Q,,,
1JEb6eER,-87w2W8Kn50YF3lRjJI3fA,,,
6K3lAvoz,4f40KBebUwWDvQzDkFXStA,,,
VpoGXgOr,wTKE_cFzDByGJEqei4QaKA,,,
rJoQnlOV,fdr0uBrBvHVB2nhVGsX0Ow,,,
geEVXYoz,1xGthL2DMErJCU1ZPMmCdQ,,,
XJ3rPYOR,TMHwV95TgETml7cA7Y0dkQ,,,
xWoY9KoK,qgQiTabytNfXNEPau52lFA,,,
VpoG7vor,s1KXk0Dya4a86jE0OSTkug,,,
6VOpGaoL,C9juniayTyjR4iITELxmOw,,,
1JEbP4oR,5Qr4BFvcQ_foKIFnevrbNQ,,,
eVOBLr3j,X18TeuHDnvYfD34Ns8VgtA,,,
JBEyQXE8,DWb0GIgS9SeB-0VtxGndLQ,,,
8KoAvzO6,ZEHJbO1KrmX-nS1NGVh3yg,,,
dj3dJLO9,zGIWCKKs0_3DtfEyRDeqKQ,,,
dj3dnLO9,UCpWo-5mkHByO608JWEelA,,,
1m3MpYEB,z5rpQwZ6QKVdohP6pqOxmg,,,
ydEjrDEW,08mvggDYjaIJV0xyBLFRcA,,,
Y1EmWnow,yScKmaJqCuawk2N1qLv-0w,,,
1m3MWnOB,i3y1IyWB7Z6l-mzouil9GQ,,,
JBEyk0o8,bSZjkZQ0sud1NTZDt0YEOg,,,
xWoY5roK,Fy_9m7vVgOypixTj5FTjBg,,,
Pk3wVaEd,s4vylCWBTcThP8zHxsKD7Q,,,
lnORJLON,IRWct_HhKx5jmibgNMl60w,,,
njoZD1Er,R6CjsmTCQLezl_6EOlQxqw,,,
0ZED9B3D,IxPuvyrdYSNZXEubOqGODQ,,,
rNo69l36,sA4tF66AmXCLLtXvBXg-kA,,,
m0oW92EG,Vd91d4KBBCuaAgCUdy0VVQ,,,
ZBEnAqOY,TTu0AwKiWO65Y3KDj-S_cw,,,
m0oWY1EG,ZyWAYON6Xvz_H509S4TTRQ,,,
8x3zJL3k,itJ3yMqVrHvNtZHVOzyiJg,,,
ydEjdVoW,j4RUjBJnIvqsMvHWxi0atg,,,
eVOBZ6Oj,zrAj85BgwLS9XlJfGOVDxw,QVPh9WwQ4hDk9P-0YAQxjw,,
8gOqynO2,Rv4J0j7C5JDFEqkfEVTKIw,,,
7RO5d6oq,g3IXx0gDkSI6gUW7OfLhAA,,,
dj3dQao9,6QAUzZxT6NMdyNZQLsTsAA,,,
WeEe5aEa,0ESsrwWao18zBQvwdGCBLA,,,
nkOv2wOB,l7zt91iNV_HwCI47O1WNOQ,,,
nkOvJ8OB,pfnU9nNA3GMmZA49IeHAPw,,,
B1oXqYOV,PlS5X1q2zLIyfWX2tuEGrw,,,
0ZEDnpoD,0e2AtRg5_hdfN8sYHGfaog,,,
ZBEn9vOY,-GS641QbEorRiNxdgrM15w,,,
KAoK58Eg,xhZt7ss8PMOFo9mCz9sSeQ,,,
qN3g1QOA,4XfqrOQ2UCOTeTxNtqUpXA,,,
WeEeWdoa,-qILHmt96TAlWX3BvxSOmg,,,
WwOaVdEB,d6EcQ_zLp2vEgHriQTOmRg,,,
WwOaDBoB,eu-eeySuU8jwXxi15pBPgg,,,
1JEbBNER,4-s17wi0oQb7-dZsN27UQA,,,
Pk3wwK3d,llEai9ovDjGfn2i9DwExjQ,,,
0ZED8pED,n7jOXZwKBxlSRsbzFnHsRw,,,
we39Al3k,Delv3as26L3B43H2MTaz3w,,,
we39brok,YrR-gTtLTyjaPTyLPWXGQg,,,
lnORNnON,V8kNogKCJfFz1G67QK237Q,,,
dj3daao9,Me_gPehkPj9iO1SNLF0Ycw,,,
VpoGD9Or,MStFTIhkI3GEmkLn5Kl4bg,,,
xWoYQgoK,xhyDdXLUg9LYtXjsMUo7Qw,,,
V4302yOB,ZpS_pBPRdq_IWTzFDMMWyg,,,
p038YGom,qJWg9peBBdcUhuVY49eDPg,,,
JBEyPXO8,WaoygWg0uou-cZq77fqvSg,,,
6K3l15oz,48kZEMfCfmqyYIgrYzAy2A,,,
ZBEnzYEY,aq7yU_bBCBZC3czD7kLMPQ,,,
1m3MNboB,Lg3uh8SzuEqCvoxXbG_6Rw,,,
lnORkdEN,M08ZeFcfxfP7jRu38NR50w,,,
6K3lLk3z,G53MBrark2Tuhc8YdO3kSg,,,
8x3zRN3k,3sWKDXJoXK6DqblbAFO5DA,,,
0ZEDj7oD,-X_QXpH_xHs8CxqbSjUsIg,,,
eVOBqJoj,PNSYpv5hzcmVML-i_ijBZQ,,,
m0oW8gOG,I_Pvo2WToqR1JlDAzfnvmg,,,
WwOaaNOB,HRcjd27Ci2f_oA5NsywbpQ,,,
0j3LwLEr,N8vuTtJ5k3ysPhV8prPU_g,,,
V430b5OB,ngkMvVSp3V1L0zj2WgtOdA,,,
6Wo2a639,GOGGEPr8DoNnEk5UqHRplw,uPah1wjclF3zh06-LlqLKQ,,
eVOB0r3j,_ZUiYWccbaGCNgC7irT2Jw,,,
1JEbDQoR,SutpbPf_TFbhemSKmkxS3A,,,
wmo7MvEq,MNDAsIPlo2EllYLYl8VWVA,79NxoobpO3DYOcrOxZdyTw,,
7RO5KX3q,SZ6JsVeCW2srYJrU1i1zIw,,,
xWoYkGEK,sZdUTncIVZCIRrN_9343Xg,WjKM25UWv6BfR9xrx_hciQ,,
0j3LVqOr,nJTB6M5jrYY1PaBBU8xruA,,,
9JoPrdE8,4FfbH_ZY7b3GvqtnlTSfNQ,,,
